영화이름,장르,줄거리
모가디슈,액션,"내전으로 고립된 낯선 도시, 모가디슈 지금부터 우리의 목표는 오로지 생존이다! 대한민국이 UN가입을 위해 동분서주하던 시기 1991년 소말리아의 수도 모가디슈에서는 일촉즉발의 내전이 일어난다. 통신마저 끊긴 그 곳에 고립된 대한민국 대사관의 직원과 가족들은 총알과 포탄이 빗발치는 가운데, 살아남기 위해 하루하루를 버텨낸다. 그러던 어느 날 밤, 북한 대사관의 일행들이 도움을 요청하며 문을 두드리는데… 목표는 하나, 모가디슈에서 탈출해야 한다!"
프리가이,액션,"평범한 직장, 절친 그리고 한 잔의 커피. 평화로운 일상 속 때론 총격전과 날강도가 나타나는 버라이어티한 ‘프리 시티’에 살고 있는 ‘가이’. 그에겐 뭐 하나 부족한 것이 없었다. 우연히 마주친 그녀에게 한눈에 반하기 전까지는… 갖은 노력 끝에 다시 만난 그녀는 ‘가이’가 비디오 게임 ‘프리 시티’에 사는 배경 캐릭터이고, 이 세상은 곧 파괴될 거라 경고한다. 혼란에 빠진 ‘가이’ 그러나 그는 ‘프리 시티’의 파괴를 막기 위해 더 이상 배경 캐릭터가 아닌, 히어로가 되기로 결심한다. 시원하게 터지는 상상초월 엔터테이닝 액션 블록버스터! 인생의 판을 바꿀 짜릿한 반란이 시작된다!"
이스케이프 룸 2 : 노 웨이 아웃,액션,"출구 없는 탈출 게임에서 가까스로 살아남은 ‘조이’와 ‘벤’. 게임을 설계한 의문의 조직 ‘미노스’의 실체를 밝히기 위해 뉴욕에 도착한 두 사람은 정체불명의 남자에게 휘말려 지하철에 갇히고 만다. 순간 다른 칸과 분리된 열차 안에는 초고압 전류가 흐르기 시작하고, 그곳에 있는 6명 모두 게임의 생존자라는 것이 밝혀진다. 목숨을 건 탈출 게임이 다시 시작됐음을 직감한 그들은 뉴욕을 배경으로 벌어지는 극한의 상황에서 살아남기 위한 사투를 벌이는데…."
크라운 빅,액션,LA 도심을 책임지고 있는 베테랑 경찰 ‘레이’와 함께 첫 순찰 근무를 맡게 된 신참 ‘닉’. 12시간 동안 만취자로부터 강력사건까지 연달아 발생하고 도로 위는 그야말로 일촉즉발의 전쟁터를 방불케 한다. 게다가 경찰까지 살해하는 무장 강도 사건까지 일어나는데… 끝나지 않는 범죄와의 전쟁을 목격한다!
캐시트럭,액션,"캐시트럭을 노리는 무장 강도에 의해 아들을 잃은 H(제이슨 스타뎀). 분노에 휩싸인 그는 아들을 죽인 범인의 단서를 찾기 위해 현금 호송 회사에 위장 취업한다. 첫 임무부터 백발백중 사격 실력을 자랑하며, 단숨에 에이스로 급부상한 H. 캐시트럭을 노리는 자들을 하나 둘 처리하며, 아들을 죽인 범인들과 점점 가까워지는데… 자비는 없다, 분노에 가득 찬 응징만이 남았다. 그의 분노가 폭발한다!"
모탈 컴뱃,액션,어스렐름과 아웃월드의 최강 챔피언들이 지구의 운명을 걸고 벌이는 서바이벌 대혈전 모탈 컴뱃. MMA 격투 선수 콜 영은 대전을 앞두고 선택 받은 전사들을 사전에 제거하려는 서브제로의 공격을 받는다. 지구와 가족을 보호하고 자기 혈통의 비밀을 알아내기 위해 모탈 컴뱃 토너먼트에 참가해 죽음의 전투를 치러야 한다!
더 수어사이드 스쿼드,액션,"살고 싶다면 무조건 성공시켜라! 최강 우주 빌런에 맞선, 자살특공대에게 맡겨진 ‘더’ 대책 없는 작전. 팀플레이가 ‘더’ 불가능한 최악의 안티히어로들. 최고의 팀워크를 기대한다면 “죽.는.다!”"
고질라 vs 콩,액션,"거대 몬스터들의 습격을 받은 지 3년 후, 콩은 스컬 아일랜드를 떠나 인간들의 보호관찰을 받고 있다. 한편, 인간들에게 등을 돌린 고질라는 비밀연구회사인 에이펙스에 존재하는 알 수 없는 힘에 이끌려 그곳을 쑥대밭으로 만든다. 위기 상황 속, 지구 안의 또 다른 지구인 할로우 어스의 에너지원을 찾아야만 인류가 안전할 수 있다는 판단하고 콩의 보호자들은 콩과 특별한 유대감을 형성하는 아이 지아와 함께 타이탄들의 고향일지 모르는 그 곳으로 위험한 여정을 떠난다. 그러던 중 분노에 찬 고질라의 공격을 받고, 마침내 맞붙게 된 두 전설의 장대한 대결은 앞으로 닥쳐올 대재앙의 서막에 불과했는데… 세상의 운명을 놓고, 지구상 가장 거대한 신화적 존재들의 스펙터클한 대격돌이 시작된다!"
다이하드 4,액션,"7월 4일 미국의 독립기념일, 컴퓨터 해킹 용의자 매튜 패럴(저스틴 롱)을 FBI본부로 호송하던 존 맥클레인. 매튜 패럴의 집으로 들이닥친 괴한들의 총격을 받고 가까스로 목숨을 건진다. 정부의 네트워크 전산망을 파괴해 미국을 장악하려는 전 정부요원 토마스 가브리엘이 자신의 계획을 저지할 가능성이 있는 모든 해커들을 죽이는 동시에 미국의 네트워크를 공격하기 시작한 것이다. 천신만고 끝에 목숨을 건졌지만 미국의 교통,통신,금융,전기 등 모든 네트워크가 테러리스트의 손아귀에 들어가고, 미국은 공황상태에 빠진다. 테러리스트를 막기 위해 뉴저지로 워싱턴으로 버지니아로 숨막히는 추격전을 벌이는 가운데, 가브리엘이 존 맥클레인의 딸 루시를 인질로 잡고 마는데…"
테넷,액션,시간의 흐름을 뒤집는 인버전을 통해 현재와 미래를 오가며 세상을 파괴하려는 사토르(케네스 브래너)를 막기 위해 투입된 작전의 주도자(존 데이비드 워싱턴). 인버전에 대한 정보를 가진 닐(로버트 패틴슨)과 미술품 감정사이자 사토르에 대한 복수심이 가득한 그의 아내 캣(엘리자베스 데비키)과 협력해 미래의 공격에 맞서 제3차 세계대전을 막아야 한다!
베놈,액션,미워할 수 없는 빌런 히어로 ‘베놈’(톰 하디) 앞에 사상 최악의 빌런 ‘카니지’(우디 해럴슨)가 나타나 대혼돈의 시대를 예고하면서 그와 피할 수 없는 대결을 그린 액션 블록버스터.
어벤져스:엔드게임,액션,인피니티 워 이후 절반만 살아남은 지구 마지막 희망이 된 어벤져스 먼저 떠난 그들을 위해 모든 것을 걸었다! 위대한 어벤져스 운명을 바꿀 최후의 전쟁이 펼쳐진다!
올드가드,액션,오랜 시간을 거치며 세상의 어둠과 맞서운 불멸의 존재들이 세계를 수호하기 위해 또다시 힘을 합쳐 위기와 싸워나가는 이야기
블러드샷,액션,"아내와 함께 휴가를 보내던 특수 부대원 ‘레이’(빈 디젤)는 정체불명의 적에게 납치되어 살해당한다. 혈액 속에 수많은 나노봇을 주입하는 최첨단 프로젝트 블러드샷을 통해 부활한 레이. 놀라운 치유력과 가공할 만한 파워의 슈퍼 히어로로 업그레이드된 레이는 아내를 죽인 놈을 찾아 무차별적인 복수의 질주를 시작한다. 하지만, 자신이 진짜라고 생각했던 것들이 거짓임을 깨닫게 되는데…"
마크맨,액션,"최고의 사격수였다가 은퇴한 군인 ‘짐’(리암 니슨)은 애리조나 국경 지역을 지키며 조용한 말년을 보내고 있다. 어느 날, 우연히 멕시코 마약 카르텔에 쫓기는 모자를 구해주지만 무자비한 놈들의 공격에 소년의 어머니가 숨을 거둔다. 소년을 시카고에 있는 친척에게 데려가 달라는 그녀의 마지막 부탁을 외면할 수 없었던 ‘짐’은 길을 나서고 마약 카르텔의 표적이 되어 숨막히는 추격전을 벌이는데…"
6 언더그라운드,액션,존재하지 않았던 것처럼 개인의 모든 기록을 지우고 스스로 ‘고스트’가 된 여섯 명의 정예요원이 펼치는 지상 최대의 작전을 담은 액션 블록버스터
아웃사이드 더 와이어,액션,"가까운 미래, 치열한 접전 지역. 드론 조종사가 원치 않게 이곳에 파견된다. 그의 지휘관은 기밀 속 존재인 사이보그. 둘은 함께 핵 공격을 막는 위험한 임무에 뛰어든다."
라이더스 오브 저스티스,액션,"가족과 떨어진 채 지내던 현직 군인 마르쿠스(매즈 미켈슨)는 열차 사고로 갑작스럽게 아내를 잃고 실의에 빠져있던 중, 아내의 죽음에 얽힌 사고가 계획된 범죄였음을 알게 된다. 분노가 폭발한 마르쿠스는 범인들을 뒤쫓아 목숨을 건 추격전을 시작하고 자신만의 잔혹한 정의로 그들을 심판하기로 하는데…"
존윅 3,액션,"전설이라 불리던 킬러 ‘존 윅’ 은퇴한 그를 암살자의 세계로 누군가가 끌어당기고, 더 이상 잃을 것 없는 그는 복수와 동시에 함정에 빠지게 된다. 킬러에서 암살자의 표적이 된 그, 오직 평화를 위한 전쟁을 다시 한번 시작하게 된다. 전설의 시작, 역대 최강 액션을 만나라!"
신과함께 인과연,판타지,"천 년 동안 48명의 망자를 환생시킨 저승 삼차사, 한 명만 더 환생시키면 그들도 새로운 삶을 얻을 수 있다. 하지만 강림(하정우)은 원귀였던 수홍(김동욱)을 자신들의 마지막 귀인으로 정하는 이해할 수 없는 선택을 한다. 저승법 상 원귀는 소멸되어야 마땅하나 염라대왕(이정재)은 저승 삼차사에게 새로운 조건을 내걸며 강림의 제안을 수락한다. 염라의 조건은 성주신(마동석)이 버티고 있어 저승 차사들이 가는 족족 실패하는 허춘삼 노인을 수홍의 재판이 끝나기 전까지 저승으로 데려오는 것. 허춘삼을 데리러 이승으로 내려간 해원맥(주지훈)과 덕춘(김향기), 하지만 성주신의 막강한 힘 앞에 속수무책으로 당하기만 하던 중 우연히 그가 천 년 전 과거에 해원맥과 덕춘을 저승으로 데려간 저승 차사였다는 사실을 알게 된다. 스스로도 기억 못 하는 과거에 대한 호기심으로 해원맥과 덕춘은 성주신과 거래를 시작하는데… 이승과 저승, 현재와 과거를 오가는 천 년의 비밀이 밝혀진다!"
경계선,판타지,"출입국 세관 직원인 ‘티나’는 후각으로 감정을 읽을 수 있는 기묘한 능력과 남들과는 조금 다른 외모로 세상과 쉽게 어울리지 못한다. 그러던 어느 날 그녀 앞에 수상한 짐을 가득 든 남자 ‘보레’가 나타나고, 그는 ‘티나’ 자신도 몰랐던 그녀의 특별한 모습을 일깨워주기 시작하는데…"
7번째 아들,판타지,"100년만에 전설 속 붉은 달이 뜨고 대마녀 멀킨(줄리안 무어)과 어둠의 존재들이 되살아나면서 세상은 멸망의 위기에 빠진다. 한편, ‘7번째 아들의 7번째 아들’ 톰(벤 반스)은 매일 밤 꿈에 나타나던 남자 그레고리(제프 브리지스)와 만나게 되고 그는 톰만이 세상을 구할 유일한 희망이라며 자신과 함께 절대 악과 맞서 싸워야 한다고 하는데…"
미스 페레그린과 이상한 아이들의 집,판타지,"할아버지의 죽음의 단서를 쫒던 ‘제이크’ 는 시간의 문을 통과해 놀라운 비밀과 마주한다. 시간을 조정하는 능력을 가진 ‘미스 페레그린’ 과 그녀의 보호아래 무한 반복되는 하루를 사는 ‘특별한 능력의 아이들’, 그리고 그들을 사냥하는 보이지 않는 무서운 적 ‘할로게스트’ 미스 페레그린과 제이크를 비롯한 아이들은 살아남기 위해 ‘할로게스트’ 에 맞서야 한다. 시간과 공간을 넘나들며 펼쳐지는 이들의 대결이 팀버튼의 마법같은 상상력으로 펼쳐진다."
테일 오브 테일즈,판타지,"왕자를 낳기 위해 괴물의 심장을 먹은 여왕 젊음의 비밀을 간직한 아름다운 여인 괴물과 결혼해야 하는 공주 황홀, 비밀, 매혹 비밀스러운 숲의 판타지 세계가 열린다"
구스범스,판타지,"할로윈이 다가오고 있던 어느 날, 단짝 ‘소니’와 ‘샘’은 으스스한 분위기의 버려진 집을 발견한다. 그곳에서 자물쇠로 잠겨있는 [구스범스] 책을 찾아낸 ‘소니’와 ‘샘’은 자물쇠를 열고, 심술궂은 인형 ‘슬래피’를 깨우고야 만다. 몬스터 군단의 리더 '슬래피’는 책 속에 갇혀있던 몬스터들을 하나, 둘씩 불러들이고 평온했던 마을은 어느새 위험에 빠지기 시작한다. 다시 깨어난 몬스터들의 습격으로 엉망진창이 된 할로윈, 위험에 빠진 가족과 마을을 구할 수 있을까?"
퍼시잭슨과 괴물의 바다,판타지,"신과 인간 사이에서 특별한 능력을 가지고 태어난 ‘데미갓’들이 모여 훈련 받는 ‘데미갓 캠프’. 어느 날, 사악한 신들의 아버지 크로노스가 봉인을 풀고 부활해 신과 인간 세상을 파멸시키려 한다. 이로 인해 ‘데미갓 캠프’는 위험에 빠지게 되고, 이에 퍼시는 아나베스, 그로버, 타이슨과 함께 신과 인간 세상을 구원하기 위해 ‘괴물의 바다’에 숨겨진 마법의 황금 양피를 찾기 위한 위험천만한 모험을 떠난다."
이상한 나라의 엘리스,판타지,"더 이상 소녀가 아닌 19살의 앨리스(미아 와시코우스카 분)가 어쩌다 본의 아니게 또다시 들어간 이상한 나라는 예전에 겪었던 그 이상한 나라가 아니다. 십여년 전 홀연히 앨리스가 사라진 후 이상한 나라는 독재자 붉은 여왕(헬레나 본햄 카터)이 그녀 특유의 공포 정치로 통치하고 있었던 것. 물론 하얀 토끼와 트위들디와 트위들덤 쌍둥이, 겨울잠 쥐, 애벌레와 음흉하게 웃어대는 체셔 고양이 그리고 미친 모자장수(조니 뎁 분)는 붉은 여왕의 공포 정치 속에서도 정신없는 오후의 티타임을 즐기고 있다. 마치 어제 헤어진 친구를 오늘 다시 만난 듯 앨리스의 귀환(?)을 대환영하는 미친 모자장수와 그 친구들. 손가락만큼 작아져버린 앨리스는 모자장수의 정신없는 환대와 붉은 여왕의 공포 정치를 뚫고 이번에도 무사히 집으로 돌아갈 수 있을까?!"
황금나침반,판타지,"‘살아 있는 모든 존재를 멸망으로 이끌 전쟁이 일어날 것’이라는 예언의 중심에 있는 ‘황금나침반’. 각각의 서로 다른 세계 속에서 ‘황금나침반’으로 절대권력을 차지하기 위해 벌어지는 천상과 지상의 거대한 전쟁은 모든 세계를 혼돈에 휩싸이게 한다. 학자이자 탐험가인 아스리엘 경은 또 다른 세계로 갈 수 있게 해주는 미지의 물질 ‘더스트’를 노스폴에서 발견하게 되고, 이를 이용해 신세계를 찾아볼 것을 제안한다. 하지만 또 다른 세계의 존재를 부정하던 학자들 사이에서는 일대 파란이 일어나고 그의 연구를 막으려 한다. 한편, 아스리엘 경의 조카 라라는 진실만을 알려준다는 ‘황금나침반’을 얻게 되고 이에 얽힌 놀라운 예언의 진실을 모른 채, 노스폴로의 여정을 떠난다. 하지만 함께 노스폴로의 동행을 제안했던 콜터 부인이 황금나침반을 노리고 있음을 알게 된 라라는 목숨을 건 탈출을 감행하면서 점차 황금나침반의 비밀의 실체에 접근하는데…… 진실을 말해주는 황금나침반을 지닌 채, 예언 속 전쟁을 막기 위한 험난한 여정에 오른 라라. 헥스족과 아머 베어족 등의 도움을 받아 힘을 모으지만 이를 저지하려는 어둠의 세력이 커지면서 예언 속의 거대한 전쟁, 그 서막이 열린다."
스파이더위크가의 비밀,판타지,"뉴욕을 떠나 쓰러져가는 ‘아서 스파이더위크’의 저택으로 이사온 그레이스가의 삼남매. 쌍둥이 형 자레드(프레디 하이모어)는 이상한 기운이 흘러 나오는 저택 안에서 절대 열어보지 말라는 경고와 함께 단단히 봉인되어 있는 비밀의 책을 발견한다. 호기심을 이기지 못하고 책장을 펼친 자레드... 그날부터 존재조차 몰랐던 무언가가 삼남매의 눈에 보이기 시작하고, 정체를 알 수 없는 그들로부터 끊임없는 공격을 받게 되는데...! 과연 삼남매는 스파이더위크가의 비밀을 풀고 위험에서 살아남을 수 있을까?"
호빗: 다섯 군대 전투,판타지,"빌보 배긴스, 참나무 방패 소린, 난쟁이 족이 떠난 거대한 여정 끝, 난쟁이 족은 원래 자신들의 터전이던 에레보르에 있는 엄청난 보물을 되찾지만 이는 무시무시한 용 스마우그가 호수마을의 무기력한 주민들을 공격하게 되는 결과를 낳는다. 산 아래의 왕 참나무 방패 소린은 탐욕에 서서히 눈이 멀어 우정과 명예를 저버린 채 왕의 보물 아르켄스톤을 찾는다. 소린이 이성을 되찾도록 설득하는데 실패한 빌보는 훨씬 험난한 일이 펼쳐질 줄 모른 채 절박하고 위험한 결정을 내린다. 오래된 적이 중간계로 돌아온 것. 암흑의 군주 사우론은 오크 군대를 보내 외로운 산에 기습 공격을 감행한다. 고조된 긴장감 속에 어둠이 깔리자 난쟁이, 엘프, 인간은 단합할 것인지 말살될 것인지 택해야 한다. 마침내 다섯 군대의 전투가 시작되고 빌보는 본인과 친구들의 목숨을 걸고 싸워야만 하는데…"
숲속으로,판타지,"간절히 아이만을 원하며 평범한 삶을 살아가고 있는 ‘베이커 부부’ ‘마녀’는 ‘베이커 부부’에게 저주를 풀 수 있는 유일한 방법을 알려준다. ‘베이커 부부’는 피처럼 붉은 망토, 우유처럼 하얀 소, 옥수수처럼 노란 머리카락 그리고 순금처럼 빛나는 구두를 100년 만에 찾아온 푸른 달이 뜨기 전까지 찾아야만 한다. 그들에게 주어진 시간은 단 3일 ‘마녀’의 위험한 거래를 받아들인 ‘베이커 부부’는 숲 속으로 위험한 여정을 떠나게 되는데… 신비롭고 위험한 숲 속에서 황홀한 여정이 펼쳐진다!"
캐스피언 왕자,판타지,"나니아에서 현실의 세계로 돌아온 지 1년 후, 페벤시 남매들은 마법의 힘에 의해 다시 나니아의 세계로 들어간다. 그러나 그곳은 이미 폐허로 변해 있었다. 나니아 시간으로 벌써 1,300년이란 세월이 흘렀던 것. 그들이 없는 동안 나니아는 황금기의 종말을 고하고, 인간인 텔마린 족에게 점령되어 무자비한 미라즈 왕의 통치를 받고 있었다. 페벤시 남매들을 나니아로 불러낸 건 바로 텔마린족의 진정한 왕위 계승자인 캐스피언 왕자였다. 삼촌 미라즈에게 왕위를 뺏기고 목숨의 위협을 느낀 그는 나니아인들이 숨어 사는 숲 속으로 피신, 그곳에서 페벤시 남매와 만난다. 부왕을 죽인 삼촌을 물리치고 자신의 왕위를 찾게 도와주면 나니아인들의 터전을 돌려 주겠다는 약속을 하는 캐스피언 왕자. 이에 네 남매와 나니아인들은 그를 도와 미라즈의 군대와 전쟁을 벌이게 되는데…"
판의미로,판타지,"1944년 스페인, 내전은 끝났지만 숲으로 숨은 시민군은 파시스트 정권에 계속해서 저항했고 그들을 진압하기 위해 정부군이 곳곳에 배치된다. ‘오필리아’는 만삭의 엄마 ‘카르멘’과 함께 새아버지 ‘비달’ 대위가 있는 숲속 기지로 거처를 옮긴다. 정부군 소속으로 냉정하고 무서운 비달 대위를 비롯해 모든 것이 낯설어 두려움을 느끼던 오필리아는 어느 날 숲속에서 숨겨진 미로를 발견한다. 그리고 그곳에서 자신을 “산이고 숲이자 땅”이라 소개하는 기괴한 모습의 요정 ‘판’과 만난다. 오필리아를 반갑게 맞이한 판은, 그녀가 지하 왕국의 공주 ‘모안나’이며 보름달이 뜨기 전까지 세 가지 임무를 끝내면 돌아갈 수 있다고 알려주면서 미래를 볼 수 있는 “선택의 책”을 건넨다. 오필리아는 전쟁보다 더 무서운 현실 속에서 인간 세계를 떠나 지하 왕국으로 돌아가기로 결심하게 되는데… 용기, 인내, 그리고 마지막 임무… 판의 미로가 다시 열리고, 환상과 현실의 경계가 무너진다!"
스노우 화이트 앤 더 헌츠맨,판타지,"절대악의 힘으로 어둠의 세계를 건설한 ‘이블 퀸’(샤를리즈 테론), 영원한 지배자가 되기 위해서는 자신을 능가할 운명을 지닌 ‘스노우 화이트’(크리스틴 스튜어트)를 없애야 한다는 예언을 받는다. 저주가 걸린 어둠의 숲으로 사라진 ‘스노우 화이트’를 죽이기 위해 왕비는 뛰어난 전사 ‘헌츠맨’(크리스 햄스워스)을 고용한다. 하지만 어둠에 지배를 받고 있는 세계를 구원할 유일한 존재가 ‘스노우 화이트’라는 것을 알게 된 ‘헌츠맨’은 ‘이블 퀸’을 배신하고 ‘스노우 화이트’의 편에 선다. ‘이블 퀸’에게 맞서 세계를 구할 결심을 한 ‘스노우 화이트’는 최강의 전사 ‘헌츠맨’과 강인한 드워프 족 그리고 신비한 능력을 지닌 정령들의 도움을 받아 빛의 군대를 만들고 ‘이블 퀸’에게 빼앗긴 세계를 되찾기 위한 거대한 전쟁을 시작하는데…"
이클립스,판타지,불멸의 사랑을 위해 뱀파이어가 되기로 결심한 벨라. 제이콥은 벨라의 선택을 가로막으며 자신을택하도록 종용하고 이로 인해 에드워드와의 갈등은 더욱 심해진다. 한편 시애틀에서 의문의 연쇄살인사건이 일어나고 에드워드는 곧 이 사건의 배후를 알게 되지만 벨라에게는 비밀로 하는데… 신생 뱀파이어 군대. “뱀파이어가 된 것을 환영한다” 에드워드와 벨라가 소멸한 연인의 복수를 위해 빅토리아가 새롭게 창조한 뱀파이어 집단. 이들은 심한 갈증으로 인해 그 어떤 뱀파이어보다도 강하고 잔인하다. 그 중에서도 리더이자 최고의 초능력을 가진 라일리는 컬렌-퀼렛 연합군에게 가장 위협적인 존재. 컬렌가-퀼렛족 연합군. “목숨을 건 전쟁이 될 거다” 뱀파이어 에드워드의 컬렌가와 늑대인간 제이콥의 퀼렛족은 오래 전부터 서로를 노려온 적대관계. 벨라로 인해 더욱 갈등이 고조되지만 신생 뱀파이어들의 공격을 막기 위해 두 종족은 단호한 결단으로 연합군 결성을 이룬다. 볼투리 가. “우린 두 번의 기회는 주지 않아”뱀파이어 최고의 권력집단. 타인의 기억과 생각을 모두 읽고 고통을 주는 능력으로 모든 뱀파이어들이 가장 두려워하는 종족. 벨라를 뱀파이어로 만들겠다는 에드워드의 약속이 지켜지지 않자 컬렌가를 찾아온다.
잉크하트,판타지,"소리 내어 읽으면 책 속의 인물을 현실 세계로 불러낼 수 있는 신비한 능력을 가진 실버통 모. 그는 9년 전, 우연히 [잉크하트] 책을 읽고, 그 속에서 어둠의 제왕 카프리콘과 불을 다스리는 마법사 더스트핑거를 현실로 불러내고 만다. 하지만 반대로 모의 아내 리사는 책 속으로 빨려들어가게 된다. [잉크하트]를 가지고 사라진 카프리콘 군단. 모는 딸 메기와 함께 아내를 구하기 위해[잉크하트]를 찾던 중, 카프리콘 군단이 현실 세계를 장악하기 위해 책 속에서 절대악 섀도우를 불러내려는 음모를 알게 되는데… 이제, 세상을 지키려는 실버통 군단과 세상을 지배하려는 카프리콘 군단의 대격돌이 시작된다!"
반지의 제왕,판타지,"모든 힘을 지배할 악의 군주 ‘사우론’의 절대반지가 깨어나고 악의 세력이 세상을 지배해가며 중간계는 대혼란에 처한다. 호빗 ‘프로도’와 그의 친구들, 엘프 ‘레골라스’, 인간 전사 ‘아라곤’과 ‘보로미르’ 드워프 ‘김리’ 그리고 마법사 ‘간달프’로 구성된 반지원정대는 평화를 지키기 위해 절대반지를 파괴할 유일한 방법인 반지가 만들어진 모르도르를 향해 목숨을 건 여정을 떠난다. 한편, 점점 세력을 넓혀온 사우론과의 피할 수 없는 전쟁을 앞둔 반지원정대는 드디어 거대한 최후의 전쟁을 시작하는데..."
나니아 연대기: 새벽 출정호의 항해,판타지,"나니아의 화려한 귀환! 3D로 완성된 스펙터클 어드벤처가 시작된다! 페번시가 남매 중 에드먼드와 루시, 그리고 사촌 유스티스는 어느 날, 방에 걸려 있는 그림 속 바다에서 배가 나타나 조금씩 다가오더니 한 순간, 물이 넘쳐 나면서 나니아의 세계로 빨려 들어간다. 실종된 7명의 영주들을 찾아 ‘론 아일랜드’로 가던 캐스피언 일행과 만나 새벽 출정호에 승선, 새로운 모험 길에 오르게 된다. 가장 먼저 도착한 ‘론 아일랜드’. 그곳의 영주인 베른에게서 언제부턴가 정체를 알 수 없는 안개가 피어 오르고, 그 안개 속으로 끌려들어간 배와 사람들은 영영 돌아오지 않는다는 이야기와 함께 아슬란에게서 받은 7개의 마법의 칼을 소지한 7명의 영주가 흩어지면서 힘이 약해져 악의 안개가 피어 오르기 시작했다는 사실을 알게 된다. 위험에 처한 나니아의 운명은 이제 이들 손에 맡겨지고, 5개의 신비한 섬에서 만나는 상상 속 생물들, 사악한 적들과 맞서게 되는데…"
손님,판타지,"1950년대, 지도에도 없는 산골 마을, 아무도 모르게 걸어둔 문을 열고 손님이 왔다 1950년대의 어느 날, 떠돌이 악사 우룡(류승룡)과 영남(구승현) 부자는 서울로 가던 길에 우연히 지도에도 나오지 않는 산골 마을에 들어선다. 시끄러운 바깥세상과 달리 촌장(이성민)의 강력한 지도 아래 모든 게 평화롭고 풍족한 마을이지만 단 하나, 시도 때도 없이 출몰하는 쥐떼들이 골칫거리다. 마을의 골칫거리인 쥐떼를 쫓아주면 목숨보다 소중한 아들, 영남이의 폐병을 고칠 목돈을 준다는 약속을 믿고 우룡은 피리를 불어 쥐떼를 쫓아낸다. 하지만 그 날 이후, 마을의 비밀이 하나씩 드러나기 시작하면서 우룡과 마을 사람들은 설명할 수 없는 이상한 사건에 휘말리게 되는데... 부르지 않은 손님이 온 그 날 이후, 너희들은 어떻게 될까?"
다크 앤드 위키드,공포,서로 왕래 없이 소원한 남매 루이스와 마이클은 오랫동안 병석에 누운 아버지를 보러 일주일간 잠시 시골 농장으로 돌아온다. 아버지는 여전히 의식이 없고 엄마는 뭔가에 사로잡힌 듯 불안해 보인다. 익숙한 공간이지만 낯선 위화감. 집 안 가득 도사린 어둡고 사악한 기운은 점점 그들을 무섭게 옥죄기 시작하는데…
더 그레이트 샤크,공포,행복한 휴가를 떠난 5명의 여행객. 그러나 우연히 상어에 의해 훼손된 시체를 발견하고 그들의 여행은 순식간에 공포에 휩싸인다. 높아지는 불안감 속에 급히 수상 비행기에 오르지만 굶주린 상어 떼의 습격으로 망망대해에 조난 당하고 만다. 가까스로 구명보트에 올라탔지만 그들 주위를 맴도는 식인 상어 떼로 인해 점점 두려움이 극한으로 치닫는데… 극한의 공포를 견뎌라!
곤지암,공포,"1979년 환자 42명의 집단 자살과 병원장의 실종 이후, 섬뜩한 괴담으로 둘러싸인 곤지암 정신병원으로 공포체험을 떠난 7명의 멤버들 원장실, 집단 치료실, 실험실, 열리지 않는 402호… 괴담의 실체를 담아내기 위해 병원 내부를 촬영하기 시작하던 멤버들에게 상상도 못한 기이하고 공포스러운 일들이 실제로 벌어지기 시작 하는데… 가지 말라는 곳에는 반드시 이유가 있다. 소름 끼치는 ‘곤지암 정신병원’ 의 실체를 체험하라!"
기담,공포,"경성 최고의 의료기술이 갖춰진 ‘안생병원’, 동경 유학 중이던 엘리트 의사 부부 ‘인영’(김보경)과 ‘동원’(김태우)이 부임하고 병원 원장 딸과의 정략결혼을 앞둔 의대 실습생 ‘정남’(진구)은 유년 시절 사고로 다리를 저는 천재 의사 ‘수인’(이동규)과 함께 경성에서의 생활을 시작한다. 그러나 저마다 비밀스런 사랑에 빠져든 이들은 점점 지독한 파멸의 공포와 마주하게 되는데… 1942년 경성 안생병원 우리는 죽은 자와 사랑을 시작했다"
착신아리,공포,"여대생인 유미(中村由美, 시바사키 코우 分)는 어느 날 친구가 주선한 미팅에 나갔다가 서로 휴대폰 번호를 교환한다. 미팅이 끝나고 친구인 요코와 파트너에 대한 이야기를 하던 중 한번도 들어보지 못했던 벨소리가 울린다. 발신번호는 요코 자신의 번호, 더군다나 발신자는 3일 후의 요코 자신! 누가 장난치는 건가? 내 번호로 어떻게 전화가 왔지? 대수롭지 않게 여기던 요코는 메세지가 온 그 시각 전화 속에서와 똑같은 말을 남긴 채 전차에 치어 죽고 만다. 죽음은 희생자의 휴대폰에 저장된 사람에게로 바이러스처럼 퍼져간다. 미팅에 나갔던 사람들에게 한 통씩 죽음 직전의 자신으로부터 메세지가 도착한다. 같은 미팅 자리에 있었던 켄지도 자신에게서 온 메세지에서와 똑같은 말을 남기고 죽음에 이르렀고, 유미의 가장 친한 친구인 나쯔미는 휴대폰의 해지신청을 했음에도 메세지가 수신된다. 죽음의 전화에 대한 공포가 확산되자 한 방송국에서는 나쯔미에게 메세지가 도착한 시각에 생방송에 출연할 것을 제안하는데.... 유미의 만류에도 불구하고 죽음이 예고된 그 시간에 TV 생방송 프로그램에 출연하기로 결정한 나쯔미는 퇴마사와 심리학자들의 노력에도 불구하고 죽음을 피하지 못하고.... 드디어 유미의 휴대폰에도 메세지가 도착한다. 메세지가 도착한 시각으로부터 하루 전, 그녀는 이 전화를 거는 공포의 실체를 찾게 된다. 주어진 시간은 24시간, 과연 그녀는 이 의문의 죽음에 종지부를 찍을 것인가?"
괴기맨숀,공포,"공포 웹툰 작가 지우는 아이디어를 찾아 괴기맨숀이라 불리는 허름한 아파트에 도착한다. 표정을 알 수 없는 중년의 관리인은 이 아파트에서 일어났던 기묘한 사건들에 대해 이야기보따리를 풀어내고, 504호, 708호… 지우는 사연을 들을수록 홀리기라도 한 듯 괴기맨숀에 점점 집착하게 되는데...! 미스터리한 맨숀! 5개의 에피소드! 괴이하고 섬뜩한 현실 공포가 온다!"
랑종,공포,"태국 북동부 ‘이산’ 지역 낯선 시골 마을. 집 안, 숲, 산, 나무, 논밭까지, 이 곳의 사람들은 모든 것에 혼이 깃들어 있다고 믿는다. 가문의 대를 이어 조상신 ‘바얀 신’을 모시는 랑종(무당) ‘님’은 조카 ‘밍’의 상태가 심상치 않음을 직감한다. 날이 갈수록 이상 증세가 점점 심각해지는 ‘밍’. 무당을 취재하기 위해 ‘님’과 동행했던 촬영팀은 신내림이 대물림되는 순간을 포착하기 위해 ‘밍’과 ‘님’, 그리고 가족에게 벌어지는 미스터리한 현상을 카메라에 담기 시작한다. 신내림이 대물림되는 무당 가문 피에 관한 세 달간의 기록"
주온:더파이널,공포,"초등학교 교사로 근무하다 실종된 여동생을 찾고 있는 마이. 그녀는 어느 날 밤 거실에 홀린 듯 앉아 있다 사라진 여동생의 모습을 목격한 이후 설명하기 힘든 기괴한 현상을 겪게 된다. 여동생의 소지품에서 오랫동안 결석 중인 ‘토시오’라는 아이의 집을 방문했다는 메모를 발견한 마이는 토시오의 집을 찾아간다. 하지만 공터로 변해버린 그 곳에서 마주친 낯선 남자에게서 그 곳이 ‘오랜 저주의 집’이었다는 이야기를 들은 이후, 그녀의 일상은 끔찍한 공포로 변해가는데…"
컨저링2,공포,"1977년 영국 엔필드. 엄마와 네 딸이 살고 있는 가족의 집에 정체를 알 수 없는 존재가 나타난다. 일명 폴터가이스트 유령. 벽을 두드리는 소리, 사악한 목소리, 유령은 밤마다 가구와 물건들, 심지어 아이들까지 공중에 띄우는 등 기이한 일들을 일으킨다. 결국 아이들의 엄마가 워렌 부부를 찾아가 사건을 의뢰한다. 그러나 모두의 예상보다 더욱 엄청난 상대였고, 이제 워렌 부부의 목숨까지 위협하는데…"
컨저링1,공포,"1971년 로드 아일랜드, 해리스빌. 페론 가족은 꿈에 그리던 새 집으로 이사를 간다. 물론 1863년에 그 집에서 일어난 끔찍한 살인 사건을 전혀 몰랐다. 또한 그 이후에 일어난 많은 무서운 사건에 대해서도 알지 못했다. 이 가족은 그 집에서 겪은 일이 너무 무서워서 한 마디라도 외부에 언급하는 것을 거절했었다. 지금까지는…"
애나벨,공포,"“애나벨이 그 집의 모든 악령을 깨웠다” 퇴마사 워렌 부부는 저주 받은 인형 애나벨을 발견하고 집에 있는 오컬트 뮤지엄 진열장에 격리시킨다. 또 다른 초자연적인 현상을 연구하기 위해 워렌 부부가 떠난 사이, 집에 남아있던 10살 딸 주디와 베이비시터는 ‘절대 들어가지 말라’는 경고를 무시한다. 탈출한 애나벨은 모든 악령들을 깨우고, 잊을 수 없는 공포의 밤을 준비하는데…"
더 로드,공포,"태어나 처음 들어선 지름길. 해링턴은 그의 아내와 아이들을 데리고 크리스마스를 맞아 매년 그래왔듯이 친척집으로 향한다. 알 수 없는 지름길로 들어선 프랭크... 하지만 그 선택은 인생에서 가장 큰 실수였다. 빨리 갈 줄 알았던 이 지름길은 뫼비우스의 띠처럼 끝이 없어 보인다. 그 길에서 해링턴 가족은 아기를 안은 한 여인을 만난다. 죽음에서 금방 깨어난 듯 음산한 분위기를 품은 그녀. 로드 사인은 알 수 없는 곳을 한없이 가리키고, 도착해야 할 그곳은 결코 보이지 않는다. 억제할 수 없는 공포는 서서히 죽음의 그림자를 드리우고... 차가 멈출 때마다 한 사람씩 시체로 발견된다. 네가 죽였니? 아니. 너는? 나도 아니야. 그럼 도대체 누가 살인을 하고 있는 거야?"
미드나잇미트트레인,공포,"도시를 찍는 뉴욕의 젊은 사진작가 레온은 유명한 아트 갤러리스트(브룩 쉴즈)의 관심을 얻어 화랑 데뷔를 앞두고 있지만, 그녀는 레온에게 좀 더 리얼한 사진을 찍어오라고 요구한다. 그러던 중, 우연히 지하철에서 한 남자를 찍게 되고 그 다음날 그와 함께 있던 사람들의 실종 소식을 접하게 된다. 알 수 없는 강한 이끌림으로 그 남자의 숨겨진 실체를 자신의 카메라에 담고 싶은 욕망에 휩싸인 레온은 그를 추적하게되고, 결국 그 남자가 매일 새벽 2시 6분, 같은 지하철을 타고 가장 완벽한 육체만을 골라 살인을 하며, 그것을 어디론가 배달을 하고 있다는 사실을 알아낸다. 하지만, 경찰도 여자친구도 그의 말을 믿어주지 않는데… 결국, 레온은 이 연쇄살인을 막기 위해 새벽 2시 6분 행, 지하철에 타기로 결심한다. 과연, 그 남자는 누구일까? 그는 그것을 어디로 배달하고 있는 것일까?"
23 아이덴티티,공포,"23개의 인격을 가진 남자 ‘케빈’(제임스 맥어보이). 그는 언제 누가 등장할지 모르는 인격들 사이를 오가며 유일하게 자신을 이해하는 ‘플래처’ 박사(베티 버클리)에게만 자신의 이야기를 꺼내 놓는다. 어느 날, ‘케빈’은 지금까지 등장한 적 없는 24번째 인격의 지시로 3명의 소녀들을 납치하고 오래도록 계획했던 비밀스러운 일을 꾸민다. 소녀들이 그에게서 도망치려 할수록 ‘케빈’의 인격들은 점차 폭주하기 시작하는데…"
여고괴담5,공포,"늦은 밤 학교 성당. 영원한 우정을 피로 맹세한 친구들이 죽을 때도 함께하자며 동반자살을 약속한다. 하지만 그날 밤, 그 중 한 명인 언주가 투신자살하고, 그 이후 남겨진 친구들에게 차례로 섬뜩한 공포와 의문의 죽음이 찾아온다. 죽음도 깨지 못한 절친과의 우정서약은 끔찍한 공포가 되어 학교를 피로 물들여 가는데…"
고사,공포,"수능을 약 200여일 앞둔 어느 토요일, 전교 1등부터 20등까지의 모범생들만을 위한 특별엘리트 수업이 진행중이다. 의리파 여고생 이나, 교내 킹카 반항아 강현을 비롯, 늘 이나에 대한 질투에 시달리는 단짝친구 명효, 전교 1등에 집착하는 편집증 혜영, 환각과 망상에 시달리는 정신분열증을 앓고 있는 조범, 불면증에 시달리는 전교 2등 동혁, 소심증이 병이 된 전교 3등 재욱, 신경증 증세를 앓고 있는 전교 4등 수진 등의 문제적 모범생 20명과 교내 최고 인기샘 창욱과 엘리트반 수업을 맞은 신입 영어선생 소영, 학생주임 치영이 전부이다. 그러나 수업 중 갑자기 교실 TV와 교내 스피커에서 ‘엘리제를 위하여’가 울려퍼지고 화면에는 물이 점점 차오르고 있는 수조 안에 갇혀 몸부림치며 괴로워하는 전교 1등 혜영의 모습이 보인다. 그리고 한 목소리가 학생들에게 혜영의 목숨을 건 중간고사 문제를 출제한다. 도망칠 곳도 없고, 학교 안에는 선생님과 학생 24명뿐. 그렇게 우리들만을 위해 준비된 피의 중간고사가 다시 시작된다!"
반교 디텐션,공포,"비가 내리던 어두운 밤, 모두가 갑자기 자취를 감춰버린 학교에 남겨진 팡레이신과 웨이중팅. 두 사람은 사라진 사람들을 찾아 학교를 벗어나려 하지만 환영과 귀신들이 그들을 괴롭히고 잊고 있었던 끔찍한 비밀들이 조금씩 드러나기 시작하는데..."
13일밤의 금요일,공포,"크리스탈 호수 캠프장에 얽힌 숨겨진 전설 달빛이 아름답게 빛나는 크리스탈 호수 캠프장에는 한가지 전설이 있다. 20여 년 전 캠프 요원의 부주의로 한 아이가 익사한 후 그의 엄마가 아들의 복수를 위해 살인을 저지른 것. 그러나 유일한 생존자가 그녀의 목을 베었고 이것을 지켜보는 한 아이가 있었다. 익사한 줄 알았던 아이 제이슨… 그날 이후 크리스탈 캠프장은 폐쇄되고 인적조차 드문 폐허가 되었다. 그러나 밤만 되면 호수를 배회하는 그림자가 목격되고 있다는 것이다. 전설은 현실이 되고.. 현실은 공포가 된다! 그리고 20년이 지난 어느 날, 크리스탈 호수로 친구들과 신나게 주말을 즐기러 온 트렌트와 친구들. 근사한 차를 타고 별장에 도착한 들뜬 일행에게 뜻하지 않는 손님이 찾아온다. 6주전 실종된 여동생을 찾는 클레이를 만난 것. 주말 파티를 즐기려는 일행에게 왠지 낯선 방문자가 꺼림직하기만 하다. 그러나 클레이의 동생 역시 크리스탈 호수에서 캠핑 중 실종되었으며 전설로만 여기던 제이슨이 점점 가깝게 다가오는 것을 알게 되는데…"
피라냐,공포,200만년 전 사라졌던 지구상에서 가장 위험한 놈들이 깨어났다! 파티를 즐기기 위해 몰려든 수만 명의 청춘 남녀로 북적이는 빅토리아 호수. 갑작스런 물속 지진으로 인해200만년 동안 잠들어 있던 피라냐의 기원이 깨어났다! 더욱 빠르고 더욱 흉폭해진 그들의 무자비한 습격이 시작된다! 이제 평화롭던 빅토리아 호수 전역은 더욱 잔인하고 흉폭한 습성을 가진 피라냐들의 거침없는 습격으로 인해 목숨을 위협받는 가장 위험한 장소로 돌변하고 마는데...
더 그레이트 샤크,공포,"행복한 휴가를 떠난 5명의 여행객.?그러나 우연히 상어에 의해 훼손된 시체를 발견하고?그들의 여행은 순식간에 공포에 휩싸인다.?높아지는 불안감 속에 급히 수상 비행기에 오르지만?굶주린 상어 떼의 습격으로 망망대해에 조난 당하고 만다.?가까스로 구명보트에 올라탔지만?그들 주위를 맴도는 식인 상어 떼로 인해?점점 두려움이 극한으로 치닫는데…? 올여름, 극한의 공포를 견뎌라!"
이프온리,로맨스,"오늘, 비로소 사랑을 알았어 눈앞에서 사랑하는 연인을 잃은 남자는 다음 날 아침, 자신의 옆에서 자고 있는 연인을 보고 소스라치게 놀란다. 기쁨도 잠시, 정해진 운명은 바꿀 수 없단 것을 깨달은 그는 더 늦기 전에 자신의 진정한 사랑을 전하기로 마음먹는데… 네가 아니었다면 난 영영 사랑을 몰랐을 거야 사랑하는 법을 알게 해줘서 고마워, 사랑받는 법도."
어바웃타임,로맨스,"모태솔로 팀(도널 글리슨)은 성인이 된 날, 아버지(빌 나이)로부터 놀랄만한 가문의 비밀을 듣게 된다.?바로 시간을 되돌릴 수 있는 능력이 있다는 것!?그것이 비록 히틀러를 죽이거나 여신과 뜨거운 사랑을 할 수 는 없지만,?여자친구는 만들어 줄 순 있으리. 꿈을 위해 런던으로 간 팀은 우연히 만난 사랑스러운 여인 메리에게 첫눈에 반하게 된다.?그녀의 사랑을 얻기 위해 자신의 특별한 능력을 마음껏 발휘하는 팀.?어설픈 대시, 어색한 웃음은 리와인드! 뜨거웠던 밤은 더욱 뜨겁게 리플레이!?꿈에 그리던 그녀와 매일매일 최고의 순간을 보낸다. 하지만 그와 그녀의 사랑이 완전해 질수록 팀을 둘러싼 주변 상황들은 미묘하게 엇갈리고, 예상치 못한 사건들이 여기저기 나타나기 시작하는데…?어떠한 순간을 다시 살게 된다면, 과연 완벽한 사랑을 이룰 수 있을까?"
클래식,로맨스,"같은 대학에 다니는 지혜(손예진)와 수경(이수인)은 연극반 선배 상민(조인성)을 좋아한다. 하지만 호들갑스런 수경이 상민에게 보낼 편지의 대필을 부탁하고, 지혜는 수경의 이름으로 상민을 향한 자신의 감정을 고백한다. 지혜의 편지로 맺어진 수경과 상민이 가까워지면서 지혜는 괜한 죄의식에 상민을 멀리 하려 하지만, 우연하게도 자꾸만 마주치게 된다. 한편, 아빠를 일찍 여읜 지혜는 지금은 해외 여행 중인 엄마 주희와 단둘이 살다. 엄마의 빈자리를 털기 위해 다락방을 청소하던 지혜는 우연히 엄마의 비밀 상자를 발견하게 된다. 주희의 첫사랑의 기억이 고스란히 담겨있는 비밀 상자를 보면서 지혜는 엄마의 클래식한 사랑을 조금씩 알게 되는데..."
오직그대만,로맨스,"잘나가던 복서였지만 어두운 상처 때문에 마음을 굳게 닫아버린 철민. 시력을 잃어가고 있지만, 늘 밝고 씩씩한 정화. 좁은 주차박스에서 외로운 시간을 보내고 있던 철민에게 꽃 같은 그녀, 정화가 나타났다. 나보다 나를 더 사랑해주는 사람. 두 눈을 감으면 선명해지는 그 얼굴, 오직 그대만..."
내 머리속 지우개,로맨스,"수진은 유달리 건망증이 심하다. 편의점에 가면 산 물건과 지갑까지 놓고 나오기 일쑤다. 그 날도 어김없이 산 콜라와 지갑을 놓고 온 것을 깨닫고 다시 편의점에 들어선 순간 맞닥뜨린 남자. 그의 손엔 콜라가 들려있고, 콜라가 있어야 할 편의점 카운터는 비어있다. 덥수룩한 수염에 남루한 옷차림, 영락없는 부랑자다. 그가 자신의 콜라를 훔쳤다고 생각한 수진, 그의 손에 들린 콜라를 뺏어 단숨에 들이킨다. ""꺼어억~~~!!"" 게다가 트림까지.... 보란 듯이 빈 캔을 돌려주고, 수진은 버스정류장으로 향한다. 하지만 버스에 탄 순간 또 지갑을 챙겨오지 않은 걸 깨닫는다. 다시 돌아간　편의점에서 직원은 수진을 보더니 지갑과 콜라를 내놓는다. 그제서야 자신의 실수를 깨닫는 수진. 그를 찾아보지만 이미 그는 없다."
건축학개론,로맨스,"어쩌면…사랑할 수 있을까? 건축학개론 수업에서 그녀를 처음 만났다 생기 넘치지만 숫기 없던 스무 살, 건축학과 승민은 '건축학개론' 수업에서 처음 만난 음대생 서연에게 반한다. 함께 숙제를 하게 되면서 차츰 마음을 열고 친해지지만, 자신의 마음을 표현하는 데 서툰 순진한 승민은 입 밖에 낼 수 없었던 고백을 마음 속에 품은 채 작은 오해로 인해 서연과 멀어지게 된다. 어쩌면 다시…사랑할 수 있을까? 15년 만에 그녀를 다시 만났다 서른 다섯의 건축사가 된 승민 앞에 15년 만에 불쑥 나타난 서연. 당황스러움을 감추지 못하는 승민에게 서연은 자신을 위한 집을 설계해달라고 한다. 자신의 이름을 건 첫 작품으로 서연의 집을 짓게 된 승민, 함께 집을 완성해 가는 동안 어쩌면 사랑이었을지 모를 그때의 기억이 되살아나 두 사람 사이에 새로운 감정이 쌓이기 시작하는데…"
이터널 션샤인,로맨스,"조엘은 아픈 기억만을 지워준다는 라쿠나사를 찾아가 헤어진 연인 클레멘타인의 기억을 지우기로 결심한다. 기억이 사라져 갈수록 조엘은 사랑이 시작되던 순간, 행복한 기억들, 가슴 속에 각인된 추억들을 지우기 싫어지기만 하는데... 당신을 지우면 이 아픔도 사라질까요? 사랑은 그렇게 다시 기억된다."
타이타닉,로맨스,"이 세상 마지막 순간까지 같이하는 사랑 “내 인생의 가장 큰 행운은 도박에서 딴 티켓으로 당신을 만난 거야” 단 하나의 운명, 단 한 번의 사랑, 영원으로 기억될 세기의 러브 스토리 우연한 기회로 티켓을 구해 타이타닉호에 올라탄 자유로운 영혼을 가진 화가 잭(레오나르도 디카프리오)은 막강한 재력의 약혼자와 함께 1등실에 승선한 로즈(케이트 윈슬렛)에게 한 눈에 반한다. 진실한 사랑을 꿈꾸던 로즈 또한 생애 처음 황홀한 감정에 휩싸이고, 둘은 운명 같은 사랑에 빠지는데…"
플립,로맨스,"누구나 일생에 한번은 만난다는 무지개빛 첫사랑! 옆집 소년소녀의 귀엽고 설레는 반전 로맨스! 새로 이사 온 미소년 브라이스를 보고 첫눈에 사랑을 직감한 7살 소녀 줄리. 솔직하고 용감한 줄리는 자신의 마음을 적극적으로 표현하지만 브라이스는 그런 줄리가 마냥 부담스럽다. 줄리의 러브빔을 요리조리 피해 다니기를 6년! 브라이스는 줄리에게 받은 달걀을 쓰레기통에 버리다 들키고, 화가 난 줄리는 그날부터 브라이스를 피하기 시작한다. 하지만 성가신 그녀가 사라지자 브라이스는 오히려 전 같지 않게 줄리가 신경 쓰이기 시작하는데…."
늑대의 유혹,로맨스,"성격과 외모에서 모두 시골 느낌을 팍팍 풍기는 한경... 서울에서 엄마와 함께 살기 위해 말 그대로 '갓 상경'하여 강신고로 전학을 오는데. 그러나 그녀의 서울 생활은 정신적, 신체적 충격의 연속이다. 버스를 타고 가는데 어떤 놈이 던진 실내화가 머리로 날아온다. 그런데 문제는 거기서 끝나지 않는다. 실내화를 던진 반해원이란 녀석이 예사 녀석이 아니었던 것이다. 인근 학교의 여자애들을 구름처럼 몰고 다니는 원조 킹카 반해원은 허둥대는 한경의 안쓰럽고도 귀여운 모습에 반한다. 그리고 성격대로 저돌적으로 대시한다.?문제는 옆 학교 성권고의 짱 정태성도 정한경을 찍었다는 사실이다. 수줍은 듯한 얼굴 뒤에 숨어있는 강한 주먹과 고집으로 뭉쳐진 태성. 자존심과 사랑을 모두 건 둘의 대결은 한치의 양보도 없는 싸움으로 번지게 되고, 그러나 태성은 한경을 사랑할래야 할 수 없는 운명적인 비밀이 있고, 이를 알지 못하는 한경은 둘 다에게 상처를 주지 않는 방법을 찾기 위해 고민에 고민을 거듭한다. 결국 한경 곁을 떠나는 태성, 그리고 뒤늦게 태성의 비밀을 알게 된 한경과 해원. 그 녀석들의 가슴 아프지만 밝은 모습이 어른들조차 울리는데..."
말할수 없는 비밀,로맨스,"예술학교로 전학 온 상륜(주걸륜)은 아버지의 영향을 받아 피아노에 천부적인 소질을 보인다. 학교를 둘러보던 중 신비스러운 피아노 연주가 흘러나오는 옛 음악실을 발견하게 되고, 그곳에서 샤오위(계륜미)를 만난다. 그들은 아름다운 피아노 선율처럼 즐거운 시간을 보내고, 둘 사이에는 애틋한 마음이 싹튼다. 그러나 상륜이 샤오위를 더 알고 싶어할 때마다 그녀는 비밀이라고 일관하며 의미심장한 미소만 짓는다. 어느 날 샤오위는 우연히 상륜이 같은 반 여학생 칭요와 키스하는 모습을 보게 되고, 그의 곁에서 사라지는데…"
로미오와 줄리엣,로맨스,"누구도 따라 할 수 없는 사랑… 이 사랑에 홀릭하다! 정열의 도시 베로나, 태양의 열기가 가득한 이 도시에서 두 가문 몬태규가와 캐플릿가는 끝없이 혈투를 벌인다. 어느 날 캐플릿가의 파티에 몰래 참석한 몬태규가의 로미오는, 아름다운 줄리엣을 만나 첫눈에 사랑에 빠진다. 로미오와 줄리엣은 부모 몰래 결혼식을 올리고, 이 결혼이 두 가문의 화해를 가져다 줄 거라 믿은 신부는 그들을 축복한다. 그러나 싸움에 휘말려 줄리엣의 사촌 티볼트를 죽이게 된 로미오가 베로나에서 추방당하게 되고, 줄리엣은 그녀를 좋은 가문에 강제로 결혼시키려는 부모를 피해 수면제를 먹고 죽은 것처럼 가장하는데.."
백만장자의 첫사랑,로맨스,"모처럼 학교에 갔다. 왜? 학교와 굿바이 하러! 학교 다니는 것도 지겹고, 경찰서 다니는 것도 귀찮다. 할아버지 유산 받는 날, 가볍게 박차고 나올 생각이었으니 하루 덜 채운들 무슨 상관! 진정한 백만장자가 되는 주민등록증을 받아들 내일이 기다려진다. 내일은 내 생애 최고의 날이다. 음화화홧! ? 오늘이면 수 천억이 내 껄 줄 알았다. 이런.... 그 밉살맞은 변호사가 언젠가는 내 발등에 도끼를 찍을 줄 알았다. 젠장. 그 산골엔 왜 가라는 거야? 그 학교는 왜 꼭 졸업해야 하는데? 할아버지! 왜 절 이렇게 골탕 먹이시는 겁니까!!! 도대체 왜!!!!! ? 이 놈의 구질구질한 산골. 그리고 이 자식들은 순진한 건지, 단순한 건지 도대체 정체들을 알 수가 없다. 교장에게 돈을 주고 퇴학만 시켜달래도 도무지 말이 씨도 안 먹힌다. 전학 첫 날부터 반장이라 잘난 체 하는 은환이란 계집애는 사사건건 태클을 건다. 그런데 이상하다. 언제부턴가 어이없게도 그 뻣뻣하고 멋대가리 없는 계집애만 보면 가슴이 두근거린다. 내가 왜 이러는 거지? 지금 당장 이 산골학교를 벗어나야 하는데... 유산에만 신경 써야 하는데..."
"사랑한다, 사랑하지 않는다",로맨스,"여느 날과 다르지 않았던 어떤 하루. 출장 때문에 공항까지 데려다 주는 차 안, 그녀는 마치 음료수 캔이라도 내밀듯 불쑥, 남자가 생겼다며 집을 나가겠다고 말한다. 단 한번도 이유를 묻지 않았던 그는, 그녀의 새 남자가 데리러 오기로 한 날, 짐을 싸는 그녀를 위해 아끼던 찻잔을 포장해 주고 맛있는 커피를 내려 준다. 오늘이 끝이라고 생각했는데, 짐을 싸는 도중 함께 만들었던 기억과 추억을 되살리는 물건들이 튀어나오고, 그 때마다 따로 있던 두 사람은 서로의 공간을 찾는다. 익숙한 시간이 흐를수록, 그의 속 깊은 배려에 점점 화가 나는 그녀는 그런 자신의 감정이 당황스럽다. 속 마음을 알 수 없는 그는 마지막 식사를 위해 레스토랑에 예약하고 함께 외출하기로 한다. 하루 종일 내리던 비를 피해 길 잃은 새끼 고양이가 집으로 찾아 들고 숨어버린 고양이를 핑계로, 비에 잠겨 끊어진 다리를 핑계로, 두 사람은 하루 더 함께 머물게 된다. 그와 그녀는 진짜 헤어질 수 있을까?"
김종욱찾기,로맨스,"2:8 가르마에 호리호리한 체형, 돌다리도 두드려 보고 건너는 고지식한 성격의 소유자 한기준(공유). 지나치게 강한 책임감과 융통성 제로에 가까운 업무 능력 덕에 회사에서 잘린 기준은 우연한 기회에 기발한 창업 아이템을 찾아 낸다. 바로 아직까지 첫사랑을 잊지 못한 사람들을 위해 첫사랑을 찾아주는 일! 고객에게 무한 감동을 선사하겠다는 열정과 패기로 지체 없이 1인 기업 ‘첫사랑 찾기 사무소’를 오픈 한다. 만나던 남자친구로부터 프러포즈를 받은 서지우(임수정). 딸이 시집가기만을 학수고대하는 군인출신 홀아버지의 압박에도 불구하고 결국 프러포즈를 거절하고 만다. 뮤지컬 무대 감독으로 일에만 매달려온 그녀 맘 속에는 ‘김종욱’이라는 잊을 수 없는 사람이 있기 때문. 아버지에게 등 떠밀려 ‘첫사랑 찾기 사무소’를 찾은 서지우는 우여곡절 끝에 이제는 기억 조차 희미한 첫사랑의 상대를 찾아보기로 결심한다. 아버지에 끌려 첫사랑 찾기 사무소의 고객이 된 서지우. 그러나 그녀가 첫사랑에 대해 알고 있는 정보는 ‘김종욱’이라는 이름 석자가 전부다. 회사의 흥망성쇠를 결정할 첫 의뢰를 성공시키기 위해 필사적인 한기준은 특유의 치밀함과 꼼꼼함으로 ‘김종욱 찾기’에 나서고, 서지우는 고객감동을 위한 한기준의 지나친 열의에 화가 나다 못해 지쳐간다. 급기야 한기준은 전국에 대량 분포(?) 중인 김종욱들을 찾아나서는 여정에 동행할 것을 서지우에게 요구하는데…"
내 아내의 모든 것,로맨스,"예쁘고 사랑스러운 외모, 완벽한 요리 실력, 때론 섹시하기까지. 최고의 여자 ‘정인’(임수정)은 남들이 보기에 모든 것을 갖췄다. 하지만 입만 열면 쏟아내는 불평과 독설로 인해 남편 ‘두현’(이선균)에겐 결혼생활 하루하루가 죽을 맛이다. 이혼을 매일 수백 번씩 결심하지만 아내가 무서워 이혼의 ‘이’자도 꺼내지 못하는 소심한 남편 두현. 그런 아내와 헤어질 방법은 단 하나뿐. 그녀가 먼저 두현을 떠나게 하는 것. 아내가 싫어하는 짓만 골라하며 소심한 반항을 해보지만 눈도 까딱 않는 정인으로 인해 두현은 절망에 빠진다. 하지만 어떤 여자든 사랑의 노예로 만들어 버리는 비범한 능력을 지녔다는 전설의 카사노바 ‘성기’(류승룡)를 만나 절호의 기회를 얻는데..."
쩨쩨한 로맨스,로맨스,"천재적인 그림실력은 가졌으되, 지루하기 짝이 없는 스토리로 인해 그리는 족족 퇴짜를 맞는 만화가 정배! 여지없이 출판사의 퇴짜를 맞던 어느 날, 무려 1억 3천의 상금이 걸린 성인만화 공모전 소식에 스토리 작가를 찾게 되는데. 한편, 성인잡지 번역 일을 하고 있지만 넘치는 창의력으로 인해 일하는 족족 사고를 치고 결국 해고 당하는 다림! 새로운 직장을 찾아 헤매던 어느 날, 어마어마한 상금에 넘어가 정배와 함께 성인만화를 만들게 되는데..."
결혼전야,로맨스,"한번 헤어진 후 다시 만난 전직 야구선수 태규(김강우)와 비뇨기과 의사 주영(김효진). 연애 7년차, 스타 쉐프 원철(옥택연)과 네일 아티스트 소미(이연희).?순수한 꽃집 노총각 건호(마동석)와 우크라이나에서 온 절세미녀 비카(구잘).?만남에서부터 결혼까지 LTE급 속도로 진행 중인 ‘파파걸’ 이라(고준희)와 ‘마마보이’ 대복(이희준).?그리고...?여행사 실수로 부녀회 단체여행에 합류한 소미(이연희)와 티격태격하는 제주도 여행가이드 경수(주지훈).?과연 이들은 메리지 블루를 극복하고 무사히 결혼에 골인할 수 있을까?"
오감도,로맨스,"에로스, 그 이상의 사랑 이야기 그들의 솔직하고 은밀한 사랑이 당신의 오감을 자극한다. 출근길에 처음 만난 그 남자, 그 여자의 유쾌하고 매력적인 하룻밤 ‘짜릿한 사랑’ 아내를 떠나 보낸 남편, 죽어서도 남편을 떠나지 못하는 아내 ‘애절한 사랑’ 신인 여배우와 관록의 여배우, 괴팍한 영화감독을 사냥하다! ‘자극적인 사랑’ 남편의 애인과 기묘한 동거를 시작한 아내, 애증과 공감 ‘치명적인 사랑’ 지금 사랑을 확인하고픈 여섯 명의 고등학생, 커플 체인지! ‘도발적인 사랑’ 때로는 상상하고, 때로는 경험하는 색다른 감각의 에로스, 그 특별한 사랑 이야기가 시작된다."
끝과 시작,로맨스,늘 새로운 자극을 원하던 재인은 아내의 후배인 나루와 은밀한 사랑에 빠져든다. 남편 재인과 함께 이민을 준비하던 정하는 남편이 자신의 후배 나루와 ?밀애 중이었다는 사실을 알게 된다.?모든 것이 혼란스러운 정하 앞에 어느 날 갑자기 나타난 나루. 나루는 같이 살게 해달라며 집요하게 매달리는데......
