,links
1,https://pedia.watcha.com/ko-KR/contents/mObnyaO/comments
2,https://pedia.watcha.com/ko-KR/contents/m5ZlxkL/comments
3,https://pedia.watcha.com/ko-KR/contents/mOk6LQg/comments
4,https://pedia.watcha.com/ko-KR/contents/m5n9KDd/comments
5,https://pedia.watcha.com/ko-KR/contents/m5nX8Yk/comments
6,https://pedia.watcha.com/ko-KR/contents/m5QqaR8/comments
7,https://pedia.watcha.com/ko-KR/contents/mWwBQyX/comments
8,https://pedia.watcha.com/ko-KR/contents/m5rQb0V/comments
9,https://pedia.watcha.com/ko-KR/contents/m5GyQnO/comments
10,https://pedia.watcha.com/ko-KR/contents/mO8Y3jd/comments
11,https://pedia.watcha.com/ko-KR/contents/mdR3mv5/comments
12,https://pedia.watcha.com/ko-KR/contents/mdKBJ4e/comments
13,https://pedia.watcha.com/ko-KR/contents/m53lXgL/comments
14,https://pedia.watcha.com/ko-KR/contents/mY5QPld/comments
15,https://pedia.watcha.com/ko-KR/contents/mOgpxgd/comments
16,https://pedia.watcha.com/ko-KR/contents/m5eKyLO/comments
17,https://pedia.watcha.com/ko-KR/contents/md76yA8/comments
18,https://pedia.watcha.com/ko-KR/contents/mOk6g8g/comments
19,https://pedia.watcha.com/ko-KR/contents/mOAZv2V/comments
20,https://pedia.watcha.com/ko-KR/contents/m5m11wg/comments
21,https://pedia.watcha.com/ko-KR/contents/mdRLYZL/comments
22,https://pedia.watcha.com/ko-KR/contents/m5DKJDd/comments
23,https://pedia.watcha.com/ko-KR/contents/m5nQ3gk/comments
24,https://pedia.watcha.com/ko-KR/contents/mWyJQly/comments
25,https://pedia.watcha.com/ko-KR/contents/mObVvZL/comments
26,https://pedia.watcha.com/ko-KR/contents/mWz3wVD/comments
27,https://pedia.watcha.com/ko-KR/contents/m533DE3/comments
28,https://pedia.watcha.com/ko-KR/contents/m5nX8qn/comments
29,https://pedia.watcha.com/ko-KR/contents/mObVGrz/comments
30,https://pedia.watcha.com/ko-KR/contents/mOgjQBY/comments
31,https://pedia.watcha.com/ko-KR/contents/mdEVDl5/comments
32,https://pedia.watcha.com/ko-KR/contents/mO8VY35/comments
33,https://pedia.watcha.com/ko-KR/contents/mOV6gRO/comments
34,https://pedia.watcha.com/ko-KR/contents/mWq1nrX/comments
35,https://pedia.watcha.com/ko-KR/contents/mOPDywO/comments
36,https://pedia.watcha.com/ko-KR/contents/mWq1a1r/comments
37,https://pedia.watcha.com/ko-KR/contents/mO1j3gx/comments
38,https://pedia.watcha.com/ko-KR/contents/mdjDaoW/comments
39,https://pedia.watcha.com/ko-KR/contents/mO8Ko3V/comments
40,https://pedia.watcha.com/ko-KR/contents/m5QqEGy/comments
41,https://pedia.watcha.com/ko-KR/contents/mOblXa5/comments
42,https://pedia.watcha.com/ko-KR/contents/m5nQo3d/comments
43,https://pedia.watcha.com/ko-KR/contents/md6mwXO/comments
44,https://pedia.watcha.com/ko-KR/contents/m5r7rjW/comments
45,https://pedia.watcha.com/ko-KR/contents/mWzwGA9/comments
46,https://pedia.watcha.com/ko-KR/contents/mdRonr5/comments
47,https://pedia.watcha.com/ko-KR/contents/m5ZlR7z/comments
48,https://pedia.watcha.com/ko-KR/contents/mWJXvzQ/comments
49,https://pedia.watcha.com/ko-KR/contents/mOop1ov/comments
50,https://pedia.watcha.com/ko-KR/contents/mdBagpO/comments
51,https://pedia.watcha.com/ko-KR/contents/md7XVe5/comments
52,https://pedia.watcha.com/ko-KR/contents/m539M3O/comments
53,https://pedia.watcha.com/ko-KR/contents/m5X2Mmz/comments
54,https://pedia.watcha.com/ko-KR/contents/m5DG2A6/comments
55,https://pedia.watcha.com/ko-KR/contents/mOV97YW/comments
56,https://pedia.watcha.com/ko-KR/contents/mOgj88M/comments
57,https://pedia.watcha.com/ko-KR/contents/mO1ElxO/comments
58,https://pedia.watcha.com/ko-KR/contents/mdKe67W/comments
59,https://pedia.watcha.com/ko-KR/contents/mdEwA0V/comments
60,https://pedia.watcha.com/ko-KR/contents/mO2kmad/comments
61,https://pedia.watcha.com/ko-KR/contents/m5nXQLo/comments
62,https://pedia.watcha.com/ko-KR/contents/mdEwyZG/comments
63,https://pedia.watcha.com/ko-KR/contents/mdMRgo2/comments
64,https://pedia.watcha.com/ko-KR/contents/m5Y6y83/comments
65,https://pedia.watcha.com/ko-KR/contents/m5X2xeB/comments
66,https://pedia.watcha.com/ko-KR/contents/md6roxa/comments
67,https://pedia.watcha.com/ko-KR/contents/mOVvLzO/comments
68,https://pedia.watcha.com/ko-KR/contents/m5ag7gG/comments
69,https://pedia.watcha.com/ko-KR/contents/mdj2avN/comments
70,https://pedia.watcha.com/ko-KR/contents/mOkLBek/comments
71,https://pedia.watcha.com/ko-KR/contents/m5DGM63/comments
72,https://pedia.watcha.com/ko-KR/contents/m5aZkQW/comments
73,https://pedia.watcha.com/ko-KR/contents/m5rQ36J/comments
74,https://pedia.watcha.com/ko-KR/contents/mW42eqY/comments
75,https://pedia.watcha.com/ko-KR/contents/mWwN745/comments
76,https://pedia.watcha.com/ko-KR/contents/m5NmjYd/comments
77,https://pedia.watcha.com/ko-KR/contents/m5DPke5/comments
78,https://pedia.watcha.com/ko-KR/contents/mO8KDXW/comments
79,https://pedia.watcha.com/ko-KR/contents/mW9zBZO/comments
80,https://pedia.watcha.com/ko-KR/contents/mW4YvRw/comments
81,https://pedia.watcha.com/ko-KR/contents/mOAk9JQ/comments
82,https://pedia.watcha.com/ko-KR/contents/md6YY3A/comments
83,https://pedia.watcha.com/ko-KR/contents/mO0g26e/comments
84,https://pedia.watcha.com/ko-KR/contents/m5amyN5/comments
85,https://pedia.watcha.com/ko-KR/contents/mdMDr4O/comments
86,https://pedia.watcha.com/ko-KR/contents/mO0BKX5/comments
87,https://pedia.watcha.com/ko-KR/contents/mWqJQjN/comments
88,https://pedia.watcha.com/ko-KR/contents/m5Nmgnd/comments
89,https://pedia.watcha.com/ko-KR/contents/mdEwwrG/comments
90,https://pedia.watcha.com/ko-KR/contents/mWwB8zq/comments
91,https://pedia.watcha.com/ko-KR/contents/mdB7AK9/comments
92,https://pedia.watcha.com/ko-KR/contents/m5mVD3W/comments
93,https://pedia.watcha.com/ko-KR/contents/m5rzEV5/comments
94,https://pedia.watcha.com/ko-KR/contents/mMO2q4W/comments
95,https://pedia.watcha.com/ko-KR/contents/mOVvqK1/comments
96,https://pedia.watcha.com/ko-KR/contents/mO8KJlD/comments
97,https://pedia.watcha.com/ko-KR/contents/mWpma8x/comments
98,https://pedia.watcha.com/ko-KR/contents/mdBREAd/comments
99,https://pedia.watcha.com/ko-KR/contents/m533L2j/comments
100,https://pedia.watcha.com/ko-KR/contents/mOAmrPO/comments
101,https://pedia.watcha.com/ko-KR/contents/mObVXRz/comments
102,https://pedia.watcha.com/ko-KR/contents/m5nq13d/comments
103,https://pedia.watcha.com/ko-KR/contents/mdRLYpv/comments
104,https://pedia.watcha.com/ko-KR/contents/mOPkPXW/comments
105,https://pedia.watcha.com/ko-KR/contents/mWpmJmg/comments
106,https://pedia.watcha.com/ko-KR/contents/mdRLYKK/comments
107,https://pedia.watcha.com/ko-KR/contents/mOPYBwd/comments
108,https://pedia.watcha.com/ko-KR/contents/mObbpNO/comments
109,https://pedia.watcha.com/ko-KR/contents/m5NEDLd/comments
110,https://pedia.watcha.com/ko-KR/contents/mW9lBZ5/comments
111,https://pedia.watcha.com/ko-KR/contents/m5GXjEp/comments
112,https://pedia.watcha.com/ko-KR/contents/mdMzK25/comments
113,https://pedia.watcha.com/ko-KR/contents/m5m19DA/comments
114,https://pedia.watcha.com/ko-KR/contents/mOVDyG8/comments
115,https://pedia.watcha.com/ko-KR/contents/m5x1jkr/comments
116,https://pedia.watcha.com/ko-KR/contents/m5Qq6Zl/comments
117,https://pedia.watcha.com/ko-KR/contents/mW428qe/comments
118,https://pedia.watcha.com/ko-KR/contents/mO8kzeW/comments
119,https://pedia.watcha.com/ko-KR/contents/m5m19pz/comments
120,https://pedia.watcha.com/ko-KR/contents/m5ZX376/comments
121,https://pedia.watcha.com/ko-KR/contents/mOg620W/comments
122,https://pedia.watcha.com/ko-KR/contents/mjO06R5/comments
123,https://pedia.watcha.com/ko-KR/contents/m5x0zq5/comments
124,https://pedia.watcha.com/ko-KR/contents/mwWL4jW/comments
125,https://pedia.watcha.com/ko-KR/contents/m5nQ1VV/comments
126,https://pedia.watcha.com/ko-KR/contents/mOP03gg/comments
127,https://pedia.watcha.com/ko-KR/contents/mWzwVVN/comments
128,https://pedia.watcha.com/ko-KR/contents/mdEgRgW/comments
129,https://pedia.watcha.com/ko-KR/contents/mO8KJQx/comments
130,https://pedia.watcha.com/ko-KR/contents/mO1xGe8/comments
131,https://pedia.watcha.com/ko-KR/contents/mW9p3vB/comments
132,https://pedia.watcha.com/ko-KR/contents/mdMg3Eo/comments
133,https://pedia.watcha.com/ko-KR/contents/mWqw78D/comments
134,https://pedia.watcha.com/ko-KR/contents/mOkJmgW/comments
135,https://pedia.watcha.com/ko-KR/contents/m5ZlXXL/comments
136,https://pedia.watcha.com/ko-KR/contents/mOl44Gg/comments
137,https://pedia.watcha.com/ko-KR/contents/mOloV9W/comments
138,https://pedia.watcha.com/ko-KR/contents/mW9p2mG/comments
139,https://pedia.watcha.com/ko-KR/contents/mOAZvVV/comments
140,https://pedia.watcha.com/ko-KR/contents/mWJXPXM/comments
141,https://pedia.watcha.com/ko-KR/contents/m5m14NB/comments
142,https://pedia.watcha.com/ko-KR/contents/mO8qeGd/comments
143,https://pedia.watcha.com/ko-KR/contents/mWJyZBx/comments
144,https://pedia.watcha.com/ko-KR/contents/m5Z0L9O/comments
145,https://pedia.watcha.com/ko-KR/contents/m5QAjgl/comments
146,https://pedia.watcha.com/ko-KR/contents/mOo6JNW/comments
147,https://pedia.watcha.com/ko-KR/contents/mOAkwkZ/comments
148,https://pedia.watcha.com/ko-KR/contents/moW4xYW/comments
149,https://pedia.watcha.com/ko-KR/contents/mO1V0JQ/comments
150,https://pedia.watcha.com/ko-KR/contents/mdKBwMJ/comments
151,https://pedia.watcha.com/ko-KR/contents/m5nX8k9/comments
152,https://pedia.watcha.com/ko-KR/contents/m5m1wRD/comments
153,https://pedia.watcha.com/ko-KR/contents/mWqeoDW/comments
154,https://pedia.watcha.com/ko-KR/contents/mdEJK25/comments
155,https://pedia.watcha.com/ko-KR/contents/mdRRmvd/comments
156,https://pedia.watcha.com/ko-KR/contents/mwWLw05/comments
157,https://pedia.watcha.com/ko-KR/contents/m5eJ283/comments
158,https://pedia.watcha.com/ko-KR/contents/mdKBm3y/comments
159,https://pedia.watcha.com/ko-KR/contents/m5Zl4wR/comments
160,https://pedia.watcha.com/ko-KR/contents/mdKp7pJ/comments
161,https://pedia.watcha.com/ko-KR/contents/mOgjlK0/comments
162,https://pedia.watcha.com/ko-KR/contents/mdEm94b/comments
163,https://pedia.watcha.com/ko-KR/contents/mn5N8RO/comments
164,https://pedia.watcha.com/ko-KR/contents/md7YyN2/comments
165,https://pedia.watcha.com/ko-KR/contents/mObKvNd/comments
166,https://pedia.watcha.com/ko-KR/contents/mOl4lo9/comments
167,https://pedia.watcha.com/ko-KR/contents/m5Nnwy8/comments
168,https://pedia.watcha.com/ko-KR/contents/m5GZv2d/comments
169,https://pedia.watcha.com/ko-KR/contents/mObG1Gn/comments
170,https://pedia.watcha.com/ko-KR/contents/mWJv1qW/comments
171,https://pedia.watcha.com/ko-KR/contents/mW42LvP/comments
172,https://pedia.watcha.com/ko-KR/contents/mdKBMzO/comments
173,https://pedia.watcha.com/ko-KR/contents/mWJXPzL/comments
174,https://pedia.watcha.com/ko-KR/contents/mdRE38b/comments
175,https://pedia.watcha.com/ko-KR/contents/mWw3Bnq/comments
176,https://pedia.watcha.com/ko-KR/contents/md6l6EK/comments
177,https://pedia.watcha.com/ko-KR/contents/mOkK4wO/comments
178,https://pedia.watcha.com/ko-KR/contents/mOAZkJX/comments
179,https://pedia.watcha.com/ko-KR/contents/m5nXQ8y/comments
180,https://pedia.watcha.com/ko-KR/contents/mdKp7zy/comments
181,https://pedia.watcha.com/ko-KR/contents/mdRger5/comments
182,https://pedia.watcha.com/ko-KR/contents/mdBzJ89/comments
183,https://pedia.watcha.com/ko-KR/contents/mOPoZPl/comments
184,https://pedia.watcha.com/ko-KR/contents/m5n9b3d/comments
185,https://pedia.watcha.com/ko-KR/contents/m5DPDRR/comments
186,https://pedia.watcha.com/ko-KR/contents/mdEw7ZG/comments
187,https://pedia.watcha.com/ko-KR/contents/m5nM8Vd/comments
188,https://pedia.watcha.com/ko-KR/contents/mW9ArGW/comments
189,https://pedia.watcha.com/ko-KR/contents/mWvNobW/comments
190,https://pedia.watcha.com/ko-KR/contents/mW4LN9l/comments
191,https://pedia.watcha.com/ko-KR/contents/mdjaX0z/comments
192,https://pedia.watcha.com/ko-KR/contents/mdjpZqW/comments
193,https://pedia.watcha.com/ko-KR/contents/mO2PMMn/comments
194,https://pedia.watcha.com/ko-KR/contents/mWzw3K0/comments
195,https://pedia.watcha.com/ko-KR/contents/mWq1n32/comments
196,https://pedia.watcha.com/ko-KR/contents/mWvkq1b/comments
197,https://pedia.watcha.com/ko-KR/contents/mW93QAZ/comments
198,https://pedia.watcha.com/ko-KR/contents/mWyaxZV/comments
199,https://pedia.watcha.com/ko-KR/contents/mWy0yx5/comments
200,https://pedia.watcha.com/ko-KR/contents/mW93MvZ/comments
201,https://pedia.watcha.com/ko-KR/contents/md76Ja2/comments
202,https://pedia.watcha.com/ko-KR/contents/m5eJk7R/comments
203,https://pedia.watcha.com/ko-KR/contents/m5ZXGrL/comments
204,https://pedia.watcha.com/ko-KR/contents/mWyJK7y/comments
205,https://pedia.watcha.com/ko-KR/contents/mOkvYjW/comments
206,https://pedia.watcha.com/ko-KR/contents/m5NVjoX/comments
207,https://pedia.watcha.com/ko-KR/contents/mO1yzxO/comments
208,https://pedia.watcha.com/ko-KR/contents/m85XM3W/comments
209,https://pedia.watcha.com/ko-KR/contents/mWz3oJD/comments
210,https://pedia.watcha.com/ko-KR/contents/mWzzN4W/comments
211,https://pedia.watcha.com/ko-KR/contents/md76p3v/comments
212,https://pedia.watcha.com/ko-KR/contents/mOPVEjX/comments
213,https://pedia.watcha.com/ko-KR/contents/mWvloMb/comments
214,https://pedia.watcha.com/ko-KR/contents/md668qd/comments
215,https://pedia.watcha.com/ko-KR/contents/mdMgB4J/comments
216,https://pedia.watcha.com/ko-KR/contents/mOkbNwW/comments
217,https://pedia.watcha.com/ko-KR/contents/mO1VxgV/comments
218,https://pedia.watcha.com/ko-KR/contents/mOkLZ7g/comments
219,https://pedia.watcha.com/ko-KR/contents/m5NV4XY/comments
220,https://pedia.watcha.com/ko-KR/contents/md76NoB/comments
221,https://pedia.watcha.com/ko-KR/contents/mJOVogd/comments
222,https://pedia.watcha.com/ko-KR/contents/m5maNz5/comments
223,https://pedia.watcha.com/ko-KR/contents/mOVQ34z/comments
224,https://pedia.watcha.com/ko-KR/contents/md76N92/comments
225,https://pedia.watcha.com/ko-KR/contents/mdREYAD/comments
226,https://pedia.watcha.com/ko-KR/contents/mWz3VJ9/comments
227,https://pedia.watcha.com/ko-KR/contents/m5Y60gG/comments
228,https://pedia.watcha.com/ko-KR/contents/mWq12rD/comments
229,https://pedia.watcha.com/ko-KR/contents/mOPVqPD/comments
230,https://pedia.watcha.com/ko-KR/contents/m5QBgRW/comments
231,https://pedia.watcha.com/ko-KR/contents/mOAZz7X/comments
232,https://pedia.watcha.com/ko-KR/contents/mWyXG65/comments
233,https://pedia.watcha.com/ko-KR/contents/mO0gvAv/comments
234,https://pedia.watcha.com/ko-KR/contents/m5xw37q/comments
235,https://pedia.watcha.com/ko-KR/contents/m533L7p/comments
236,https://pedia.watcha.com/ko-KR/contents/mOljrA5/comments
237,https://pedia.watcha.com/ko-KR/contents/mv5aMQ5/comments
238,https://pedia.watcha.com/ko-KR/contents/mdj2nBw/comments
239,https://pedia.watcha.com/ko-KR/contents/mOVv021/comments
240,https://pedia.watcha.com/ko-KR/contents/m5e0Byd/comments
241,https://pedia.watcha.com/ko-KR/contents/m5D3KyR/comments
242,https://pedia.watcha.com/ko-KR/contents/m5m1Qg3/comments
243,https://pedia.watcha.com/ko-KR/contents/m5eJzKW/comments
244,https://pedia.watcha.com/ko-KR/contents/mdRVQvd/comments
245,https://pedia.watcha.com/ko-KR/contents/m5ex1od/comments
246,https://pedia.watcha.com/ko-KR/contents/m5nQVG3/comments
247,https://pedia.watcha.com/ko-KR/contents/m85XX15/comments
248,https://pedia.watcha.com/ko-KR/contents/mWLj3VD/comments
249,https://pedia.watcha.com/ko-KR/contents/mOAk6ZP/comments
250,https://pedia.watcha.com/ko-KR/contents/mOPowe7/comments
251,https://pedia.watcha.com/ko-KR/contents/mWJy2gJ/comments
252,https://pedia.watcha.com/ko-KR/contents/mO8XRyV/comments
253,https://pedia.watcha.com/ko-KR/contents/md6lXoX/comments
254,https://pedia.watcha.com/ko-KR/contents/mOPoQ0g/comments
255,https://pedia.watcha.com/ko-KR/contents/mdMav2d/comments
256,https://pedia.watcha.com/ko-KR/contents/mW4LzVY/comments
257,https://pedia.watcha.com/ko-KR/contents/mdEw3wb/comments
258,https://pedia.watcha.com/ko-KR/contents/mOAZgBj/comments
259,https://pedia.watcha.com/ko-KR/contents/mWJXLxx/comments
260,https://pedia.watcha.com/ko-KR/contents/mOk6Rgw/comments
261,https://pedia.watcha.com/ko-KR/contents/m5xJZal/comments
262,https://pedia.watcha.com/ko-KR/contents/mW9pGPK/comments
263,https://pedia.watcha.com/ko-KR/contents/m5DG2jy/comments
264,https://pedia.watcha.com/ko-KR/contents/mqW9aeW/comments
265,https://pedia.watcha.com/ko-KR/contents/mO29j8W/comments
266,https://pedia.watcha.com/ko-KR/contents/md6Y9XX/comments
267,https://pedia.watcha.com/ko-KR/contents/mM5rzJ5/comments
268,https://pedia.watcha.com/ko-KR/contents/mWqJ9Ra/comments
269,https://pedia.watcha.com/ko-KR/contents/m5mYAKD/comments
270,https://pedia.watcha.com/ko-KR/contents/mWJnoLW/comments
271,https://pedia.watcha.com/ko-KR/contents/m1d68aW/comments
272,https://pedia.watcha.com/ko-KR/contents/m5roVjW/comments
273,https://pedia.watcha.com/ko-KR/contents/mY5QjlW/comments
274,https://pedia.watcha.com/ko-KR/contents/m5Y630j/comments
275,https://pedia.watcha.com/ko-KR/contents/mqW9eWQ/comments
276,https://pedia.watcha.com/ko-KR/contents/m5ekJlL/comments
277,https://pedia.watcha.com/ko-KR/contents/m5aV6QM/comments
278,https://pedia.watcha.com/ko-KR/contents/mO2PAJ4/comments
279,https://pedia.watcha.com/ko-KR/contents/m5Xr3LO/comments
280,https://pedia.watcha.com/ko-KR/contents/mnOo3vO/comments
281,https://pedia.watcha.com/ko-KR/contents/mOAkgoX/comments
282,https://pedia.watcha.com/ko-KR/contents/mOAYmaO/comments
283,https://pedia.watcha.com/ko-KR/contents/mdjaLQJ/comments
284,https://pedia.watcha.com/ko-KR/contents/m53zjyd/comments
285,https://pedia.watcha.com/ko-KR/contents/mdj2aql/comments
286,https://pedia.watcha.com/ko-KR/contents/mP5meg5/comments
287,https://pedia.watcha.com/ko-KR/contents/mWw8paE/comments
288,https://pedia.watcha.com/ko-KR/contents/mOk60yQ/comments
289,https://pedia.watcha.com/ko-KR/contents/mdK6x9O/comments
290,https://pedia.watcha.com/ko-KR/contents/mOllY9L/comments
291,https://pedia.watcha.com/ko-KR/contents/m5m1JpA/comments
292,https://pedia.watcha.com/ko-KR/contents/mOgj8wn/comments
293,https://pedia.watcha.com/ko-KR/contents/mdKBlRk/comments
294,https://pedia.watcha.com/ko-KR/contents/m1WwZ75/comments
295,https://pedia.watcha.com/ko-KR/contents/mWpme7x/comments
296,https://pedia.watcha.com/ko-KR/contents/mOVvwlp/comments
297,https://pedia.watcha.com/ko-KR/contents/mOkKXpO/comments
298,https://pedia.watcha.com/ko-KR/contents/mO8Kxg3/comments
299,https://pedia.watcha.com/ko-KR/contents/mOVBxgN/comments
300,https://pedia.watcha.com/ko-KR/contents/mWLVnwd/comments
301,https://pedia.watcha.com/ko-KR/contents/mdEVAb5/comments
302,https://pedia.watcha.com/ko-KR/contents/mOAZVrX/comments
303,https://pedia.watcha.com/ko-KR/contents/m5ZX3g9/comments
304,https://pedia.watcha.com/ko-KR/contents/m5x1n3B/comments
305,https://pedia.watcha.com/ko-KR/contents/md7KJPd/comments
306,https://pedia.watcha.com/ko-KR/contents/mdRmmbO/comments
307,https://pedia.watcha.com/ko-KR/contents/mWpbmzM/comments
308,https://pedia.watcha.com/ko-KR/contents/mWJyknM/comments
309,https://pedia.watcha.com/ko-KR/contents/mWw36eX/comments
310,https://pedia.watcha.com/ko-KR/contents/mOgj94n/comments
311,https://pedia.watcha.com/ko-KR/contents/md6YXgY/comments
312,https://pedia.watcha.com/ko-KR/contents/mdKBm2y/comments
313,https://pedia.watcha.com/ko-KR/contents/mWJyZPJ/comments
314,https://pedia.watcha.com/ko-KR/contents/mOkD78d/comments
315,https://pedia.watcha.com/ko-KR/contents/mO0gg2X/comments
316,https://pedia.watcha.com/ko-KR/contents/mWyJJQ1/comments
317,https://pedia.watcha.com/ko-KR/contents/mOo00GZ/comments
318,https://pedia.watcha.com/ko-KR/contents/mW4YEPX/comments
319,https://pedia.watcha.com/ko-KR/contents/mW4LLXP/comments
320,https://pedia.watcha.com/ko-KR/contents/m5NvYo2/comments
321,https://pedia.watcha.com/ko-KR/contents/mdEkklW/comments
322,https://pedia.watcha.com/ko-KR/contents/mV5323d/comments
323,https://pedia.watcha.com/ko-KR/contents/mnOokOX/comments
324,https://pedia.watcha.com/ko-KR/contents/m5nwA2q/comments
325,https://pedia.watcha.com/ko-KR/contents/mOk6ll8/comments
326,https://pedia.watcha.com/ko-KR/contents/m5x1nbB/comments
327,https://pedia.watcha.com/ko-KR/contents/m5XMvo3/comments
328,https://pedia.watcha.com/ko-KR/contents/mOop0YP/comments
329,https://pedia.watcha.com/ko-KR/contents/mWwBBQ7/comments
330,https://pedia.watcha.com/ko-KR/contents/mWw3Lxl/comments
331,https://pedia.watcha.com/ko-KR/contents/m85XnNO/comments
332,https://pedia.watcha.com/ko-KR/contents/mWqJkEa/comments
333,https://pedia.watcha.com/ko-KR/contents/mObV467/comments
334,https://pedia.watcha.com/ko-KR/contents/mdRLLMV/comments
335,https://pedia.watcha.com/ko-KR/contents/m5ZXvR9/comments
336,https://pedia.watcha.com/ko-KR/contents/mOVvweq/comments
337,https://pedia.watcha.com/ko-KR/contents/m5aV4EN/comments
338,https://pedia.watcha.com/ko-KR/contents/m5QA6KR/comments
339,https://pedia.watcha.com/ko-KR/contents/mdEw0m2/comments
340,https://pedia.watcha.com/ko-KR/contents/m5nQKYy/comments
341,https://pedia.watcha.com/ko-KR/contents/mO8KmAj/comments
342,https://pedia.watcha.com/ko-KR/contents/m5xJJ8B/comments
343,https://pedia.watcha.com/ko-KR/contents/mOgB12g/comments
344,https://pedia.watcha.com/ko-KR/contents/m5eJJ63/comments
345,https://pedia.watcha.com/ko-KR/contents/md7YZmP/comments
346,https://pedia.watcha.com/ko-KR/contents/m5rQQqj/comments
347,https://pedia.watcha.com/ko-KR/contents/mW4LL6P/comments
348,https://pedia.watcha.com/ko-KR/contents/mOPoJ3Y/comments
349,https://pedia.watcha.com/ko-KR/contents/mOk8yMd/comments
350,https://pedia.watcha.com/ko-KR/contents/mO0ggoX/comments
351,https://pedia.watcha.com/ko-KR/contents/mW933G4/comments
352,https://pedia.watcha.com/ko-KR/contents/mOAL6XW/comments
353,https://pedia.watcha.com/ko-KR/contents/mOAZzyE/comments
354,https://pedia.watcha.com/ko-KR/contents/mdRLb1r/comments
355,https://pedia.watcha.com/ko-KR/contents/mdBaa2O/comments
356,https://pedia.watcha.com/ko-KR/contents/mdjDkoW/comments
357,https://pedia.watcha.com/ko-KR/contents/mW93ow1/comments
358,https://pedia.watcha.com/ko-KR/contents/m15GyYO/comments
359,https://pedia.watcha.com/ko-KR/contents/mdBz8zp/comments
360,https://pedia.watcha.com/ko-KR/contents/mdja4nq/comments
361,https://pedia.watcha.com/ko-KR/contents/m5X2LM4/comments
362,https://pedia.watcha.com/ko-KR/contents/m5mN7BW/comments
363,https://pedia.watcha.com/ko-KR/contents/m5XMJbL/comments
364,https://pedia.watcha.com/ko-KR/contents/mWvJK0W/comments
365,https://pedia.watcha.com/ko-KR/contents/m533Yey/comments
366,https://pedia.watcha.com/ko-KR/contents/mdMgRXw/comments
367,https://pedia.watcha.com/ko-KR/contents/m5Y6vXR/comments
368,https://pedia.watcha.com/ko-KR/contents/m5aVQLX/comments
369,https://pedia.watcha.com/ko-KR/contents/m5xEYlW/comments
370,https://pedia.watcha.com/ko-KR/contents/md6YVKO/comments
371,https://pedia.watcha.com/ko-KR/contents/mWJyBVL/comments
372,https://pedia.watcha.com/ko-KR/contents/mWLjRpd/comments
373,https://pedia.watcha.com/ko-KR/contents/mO0g7Nz/comments
374,https://pedia.watcha.com/ko-KR/contents/mdja7BN/comments
375,https://pedia.watcha.com/ko-KR/contents/m5YLa6w/comments
376,https://pedia.watcha.com/ko-KR/contents/m5N9n1p/comments
377,https://pedia.watcha.com/ko-KR/contents/mOo0AGa/comments
378,https://pedia.watcha.com/ko-KR/contents/m5XMApB/comments
379,https://pedia.watcha.com/ko-KR/contents/mWq8Bl5/comments
380,https://pedia.watcha.com/ko-KR/contents/m5mwQ77/comments
381,https://pedia.watcha.com/ko-KR/contents/mWJ3YnO/comments
382,https://pedia.watcha.com/ko-KR/contents/mWywY1Y/comments
383,https://pedia.watcha.com/ko-KR/contents/mdjawg9/comments
384,https://pedia.watcha.com/ko-KR/contents/m5Dlgy5/comments
385,https://pedia.watcha.com/ko-KR/contents/m5eJ0rL/comments
386,https://pedia.watcha.com/ko-KR/contents/mWvkXbe/comments
387,https://pedia.watcha.com/ko-KR/contents/mOll8zy/comments
388,https://pedia.watcha.com/ko-KR/contents/mWJG08O/comments
389,https://pedia.watcha.com/ko-KR/contents/myWqepW/comments
390,https://pedia.watcha.com/ko-KR/contents/m5NnwZR/comments
391,https://pedia.watcha.com/ko-KR/contents/mqW9wjd/comments
392,https://pedia.watcha.com/ko-KR/contents/m45nQ9d/comments
393,https://pedia.watcha.com/ko-KR/contents/mgdMr45/comments
394,https://pedia.watcha.com/ko-KR/contents/mW4LeNq/comments
395,https://pedia.watcha.com/ko-KR/contents/mWwg4EW/comments
396,https://pedia.watcha.com/ko-KR/contents/mOgBQkz/comments
397,https://pedia.watcha.com/ko-KR/contents/m45ngDW/comments
398,https://pedia.watcha.com/ko-KR/contents/mY5QVRW/comments
399,https://pedia.watcha.com/ko-KR/contents/mOAZz7G/comments
400,https://pedia.watcha.com/ko-KR/contents/mOkLxbk/comments
401,https://pedia.watcha.com/ko-KR/contents/m5xJkKb/comments
402,https://pedia.watcha.com/ko-KR/contents/mdBzPEq/comments
403,https://pedia.watcha.com/ko-KR/contents/mOVvDPN/comments
404,https://pedia.watcha.com/ko-KR/contents/m5QAa4G/comments
405,https://pedia.watcha.com/ko-KR/contents/mdMgRLm/comments
406,https://pedia.watcha.com/ko-KR/contents/m5rD83O/comments
407,https://pedia.watcha.com/ko-KR/contents/mWvklD3/comments
408,https://pedia.watcha.com/ko-KR/contents/mdRLxPg/comments
409,https://pedia.watcha.com/ko-KR/contents/mOArwZd/comments
410,https://pedia.watcha.com/ko-KR/contents/mO2MgAG/comments
411,https://pedia.watcha.com/ko-KR/contents/mOgBA1A/comments
412,https://pedia.watcha.com/ko-KR/contents/m533Zzj/comments
413,https://pedia.watcha.com/ko-KR/contents/mO0g6eL/comments
414,https://pedia.watcha.com/ko-KR/contents/mWLyVzD/comments
415,https://pedia.watcha.com/ko-KR/contents/mpWpJAd/comments
416,https://pedia.watcha.com/ko-KR/contents/mOPnGV5/comments
417,https://pedia.watcha.com/ko-KR/contents/m5ebEZW/comments
418,https://pedia.watcha.com/ko-KR/contents/m5Y6DM3/comments
419,https://pedia.watcha.com/ko-KR/contents/mdRE32D/comments
420,https://pedia.watcha.com/ko-KR/contents/m5ZXZnl/comments
421,https://pedia.watcha.com/ko-KR/contents/mP5mPzd/comments
422,https://pedia.watcha.com/ko-KR/contents/m5DgKRd/comments
423,https://pedia.watcha.com/ko-KR/contents/mOAZVDV/comments
424,https://pedia.watcha.com/ko-KR/contents/m5GXlkY/comments
425,https://pedia.watcha.com/ko-KR/contents/m5GNNDd/comments
426,https://pedia.watcha.com/ko-KR/contents/mOPV6DP/comments
427,https://pedia.watcha.com/ko-KR/contents/mObGQJz/comments
428,https://pedia.watcha.com/ko-KR/contents/m5rQ1Mj/comments
429,https://pedia.watcha.com/ko-KR/contents/mOALNaW/comments
430,https://pedia.watcha.com/ko-KR/contents/mWyJPNk/comments
431,https://pedia.watcha.com/ko-KR/contents/mdEn1A5/comments
432,https://pedia.watcha.com/ko-KR/contents/mW4pJlW/comments
433,https://pedia.watcha.com/ko-KR/contents/m5eJ2ZZ/comments
434,https://pedia.watcha.com/ko-KR/contents/mdMgg3J/comments
435,https://pedia.watcha.com/ko-KR/contents/md7Y7Xk/comments
436,https://pedia.watcha.com/ko-KR/contents/mdMgR0k/comments
437,https://pedia.watcha.com/ko-KR/contents/mdj2aMa/comments
438,https://pedia.watcha.com/ko-KR/contents/m53m90n/comments
439,https://pedia.watcha.com/ko-KR/contents/m5QkE8O/comments
440,https://pedia.watcha.com/ko-KR/contents/mWywz2y/comments
441,https://pedia.watcha.com/ko-KR/contents/mdMRYeX/comments
442,https://pedia.watcha.com/ko-KR/contents/mOPVqzl/comments
443,https://pedia.watcha.com/ko-KR/contents/m5aVV6p/comments
444,https://pedia.watcha.com/ko-KR/contents/mO893Gd/comments
445,https://pedia.watcha.com/ko-KR/contents/mOk6pkW/comments
446,https://pedia.watcha.com/ko-KR/contents/mwWLm0O/comments
447,https://pedia.watcha.com/ko-KR/contents/mWvqke3/comments
448,https://pedia.watcha.com/ko-KR/contents/mW46Ved/comments
449,https://pedia.watcha.com/ko-KR/contents/mdEw2DA/comments
450,https://pedia.watcha.com/ko-KR/contents/mP5mn3W/comments
451,https://pedia.watcha.com/ko-KR/contents/mOANLZd/comments
452,https://pedia.watcha.com/ko-KR/contents/md7YZv1/comments
453,https://pedia.watcha.com/ko-KR/contents/m5rwjJV/comments
454,https://pedia.watcha.com/ko-KR/contents/moW47e5/comments
455,https://pedia.watcha.com/ko-KR/contents/mOAygPO/comments
456,https://pedia.watcha.com/ko-KR/contents/mOVPMvB/comments
457,https://pedia.watcha.com/ko-KR/contents/m5nQ1Zq/comments
458,https://pedia.watcha.com/ko-KR/contents/mdRDZKW/comments
459,https://pedia.watcha.com/ko-KR/contents/m5m17pj/comments
460,https://pedia.watcha.com/ko-KR/contents/mWJyp85/comments
461,https://pedia.watcha.com/ko-KR/contents/mjO0pVO/comments
462,https://pedia.watcha.com/ko-KR/contents/my5YMX5/comments
463,https://pedia.watcha.com/ko-KR/contents/m53mr9q/comments
464,https://pedia.watcha.com/ko-KR/contents/mOVvD9q/comments
465,https://pedia.watcha.com/ko-KR/contents/mW9p9L4/comments
466,https://pedia.watcha.com/ko-KR/contents/mO8w1DW/comments
467,https://pedia.watcha.com/ko-KR/contents/m5m0Bxd/comments
468,https://pedia.watcha.com/ko-KR/contents/mdR4J1L/comments
469,https://pedia.watcha.com/ko-KR/contents/mOgjrBA/comments
470,https://pedia.watcha.com/ko-KR/contents/mWya106/comments
471,https://pedia.watcha.com/ko-KR/contents/m6dRlrW/comments
472,https://pedia.watcha.com/ko-KR/contents/m5YV2GW/comments
473,https://pedia.watcha.com/ko-KR/contents/mdRELwy/comments
474,https://pedia.watcha.com/ko-KR/contents/mW9N6BO/comments
475,https://pedia.watcha.com/ko-KR/contents/mdB78y2/comments
476,https://pedia.watcha.com/ko-KR/contents/mWyapAy/comments
477,https://pedia.watcha.com/ko-KR/contents/mOAkv8a/comments
478,https://pedia.watcha.com/ko-KR/contents/mW9pPVK/comments
479,https://pedia.watcha.com/ko-KR/contents/m5Y69bl/comments
480,https://pedia.watcha.com/ko-KR/contents/mO1jXrx/comments
481,https://pedia.watcha.com/ko-KR/contents/m5mNP3W/comments
482,https://pedia.watcha.com/ko-KR/contents/mM5r9Jd/comments
483,https://pedia.watcha.com/ko-KR/contents/mW4Lr9P/comments
484,https://pedia.watcha.com/ko-KR/contents/mOPoJ4V/comments
485,https://pedia.watcha.com/ko-KR/contents/md6Y0GA/comments
486,https://pedia.watcha.com/ko-KR/contents/m5nQDno/comments
487,https://pedia.watcha.com/ko-KR/contents/mWvkK2Z/comments
488,https://pedia.watcha.com/ko-KR/contents/mOAk9yZ/comments
489,https://pedia.watcha.com/ko-KR/contents/mO1oDMk/comments
490,https://pedia.watcha.com/ko-KR/contents/m5GX02r/comments
491,https://pedia.watcha.com/ko-KR/contents/mWLjv8w/comments
492,https://pedia.watcha.com/ko-KR/contents/m5NZz85/comments
493,https://pedia.watcha.com/ko-KR/contents/mOg6a0W/comments
494,https://pedia.watcha.com/ko-KR/contents/mOo0Dad/comments
495,https://pedia.watcha.com/ko-KR/contents/mBOkKwO/comments
496,https://pedia.watcha.com/ko-KR/contents/m5nXxvk/comments
497,https://pedia.watcha.com/ko-KR/contents/m5ek6No/comments
498,https://pedia.watcha.com/ko-KR/contents/m5N3o7W/comments
499,https://pedia.watcha.com/ko-KR/contents/m5Y6YlE/comments
500,https://pedia.watcha.com/ko-KR/contents/m5Q946l/comments
501,https://pedia.watcha.com/ko-KR/contents/mdEmAbg/comments
502,https://pedia.watcha.com/ko-KR/contents/m5m1GmB/comments
503,https://pedia.watcha.com/ko-KR/contents/m5nQpaV/comments
504,https://pedia.watcha.com/ko-KR/contents/mOgN0aW/comments
505,https://pedia.watcha.com/ko-KR/contents/m533L9p/comments
506,https://pedia.watcha.com/ko-KR/contents/mdjp09W/comments
507,https://pedia.watcha.com/ko-KR/contents/mOl48e9/comments
508,https://pedia.watcha.com/ko-KR/contents/mWJjkqW/comments
509,https://pedia.watcha.com/ko-KR/contents/mOgB1J0/comments
510,https://pedia.watcha.com/ko-KR/contents/m5DG9Ye/comments
511,https://pedia.watcha.com/ko-KR/contents/m5N6Z25/comments
512,https://pedia.watcha.com/ko-KR/contents/mWJXByL/comments
513,https://pedia.watcha.com/ko-KR/contents/mOkLxNw/comments
514,https://pedia.watcha.com/ko-KR/contents/m5NeARd/comments
515,https://pedia.watcha.com/ko-KR/contents/mO8Km1j/comments
516,https://pedia.watcha.com/ko-KR/contents/mOPnND5/comments
517,https://pedia.watcha.com/ko-KR/contents/md7Y9kP/comments
518,https://pedia.watcha.com/ko-KR/contents/mBOkpjd/comments
519,https://pedia.watcha.com/ko-KR/contents/m5X2Xoz/comments
520,https://pedia.watcha.com/ko-KR/contents/md76z62/comments
521,https://pedia.watcha.com/ko-KR/contents/md76wV1/comments
522,https://pedia.watcha.com/ko-KR/contents/md6Y0DY/comments
523,https://pedia.watcha.com/ko-KR/contents/mW42AjY/comments
524,https://pedia.watcha.com/ko-KR/contents/m5rJ9b5/comments
525,https://pedia.watcha.com/ko-KR/contents/m5QDE7d/comments
526,https://pedia.watcha.com/ko-KR/contents/mO1jJqQ/comments
527,https://pedia.watcha.com/ko-KR/contents/mWpbmmg/comments
528,https://pedia.watcha.com/ko-KR/contents/mOk6qYz/comments
529,https://pedia.watcha.com/ko-KR/contents/mO1jX48/comments
530,https://pedia.watcha.com/ko-KR/contents/m5rnYD5/comments
531,https://pedia.watcha.com/ko-KR/contents/mO1eZPO/comments
532,https://pedia.watcha.com/ko-KR/contents/m5NDzpO/comments
533,https://pedia.watcha.com/ko-KR/contents/mOkL62k/comments
534,https://pedia.watcha.com/ko-KR/contents/mdRmkvO/comments
535,https://pedia.watcha.com/ko-KR/contents/mOk6LXp/comments
536,https://pedia.watcha.com/ko-KR/contents/mOVRx1O/comments
537,https://pedia.watcha.com/ko-KR/contents/mObplR5/comments
538,https://pedia.watcha.com/ko-KR/contents/m5ZXDYR/comments
539,https://pedia.watcha.com/ko-KR/contents/mWLpD3W/comments
540,https://pedia.watcha.com/ko-KR/contents/mdBzlYd/comments
541,https://pedia.watcha.com/ko-KR/contents/m5QRRGW/comments
542,https://pedia.watcha.com/ko-KR/contents/mpWpkx5/comments
543,https://pedia.watcha.com/ko-KR/contents/mdRELmK/comments
544,https://pedia.watcha.com/ko-KR/contents/mOll4oN/comments
545,https://pedia.watcha.com/ko-KR/contents/m5Y6mlW/comments
546,https://pedia.watcha.com/ko-KR/contents/mWvRwEW/comments
547,https://pedia.watcha.com/ko-KR/contents/mW4Lr7g/comments
548,https://pedia.watcha.com/ko-KR/contents/mdK6YkO/comments
549,https://pedia.watcha.com/ko-KR/contents/mdRLLLg/comments
550,https://pedia.watcha.com/ko-KR/contents/mW94wB5/comments
551,https://pedia.watcha.com/ko-KR/contents/m5QzLQW/comments
552,https://pedia.watcha.com/ko-KR/contents/mOVAP1W/comments
553,https://pedia.watcha.com/ko-KR/contents/mObGVBX/comments
554,https://pedia.watcha.com/ko-KR/contents/mWqx9D5/comments
555,https://pedia.watcha.com/ko-KR/contents/m5mNjzW/comments
556,https://pedia.watcha.com/ko-KR/contents/mWLqVjO/comments
557,https://pedia.watcha.com/ko-KR/contents/m5agBNG/comments
558,https://pedia.watcha.com/ko-KR/contents/m5aVG7D/comments
559,https://pedia.watcha.com/ko-KR/contents/mWyPNM5/comments
560,https://pedia.watcha.com/ko-KR/contents/mr5Zx6O/comments
561,https://pedia.watcha.com/ko-KR/contents/mO0DVVO/comments
562,https://pedia.watcha.com/ko-KR/contents/mO8KQrV/comments
563,https://pedia.watcha.com/ko-KR/contents/mOlrJg5/comments
564,https://pedia.watcha.com/ko-KR/contents/m45nq3d/comments
565,https://pedia.watcha.com/ko-KR/contents/mO1Vn7Y/comments
566,https://pedia.watcha.com/ko-KR/contents/mv5apQd/comments
567,https://pedia.watcha.com/ko-KR/contents/mn5NJ25/comments
568,https://pedia.watcha.com/ko-KR/contents/mWzeg15/comments
569,https://pedia.watcha.com/ko-KR/contents/mdEJ0b5/comments
570,https://pedia.watcha.com/ko-KR/contents/mOo0xNk/comments
571,https://pedia.watcha.com/ko-KR/contents/mO2P2Vx/comments
572,https://pedia.watcha.com/ko-KR/contents/m5m1Xx5/comments
573,https://pedia.watcha.com/ko-KR/contents/m5rgbVW/comments
574,https://pedia.watcha.com/ko-KR/contents/mOo0nyd/comments
575,https://pedia.watcha.com/ko-KR/contents/mWpm79m/comments
576,https://pedia.watcha.com/ko-KR/contents/m5YL4ZX/comments
577,https://pedia.watcha.com/ko-KR/contents/m5rQ3eV/comments
578,https://pedia.watcha.com/ko-KR/contents/mWpmR24/comments
579,https://pedia.watcha.com/ko-KR/contents/mW4LDlW/comments
580,https://pedia.watcha.com/ko-KR/contents/mmObb1O/comments
581,https://pedia.watcha.com/ko-KR/contents/m1d6VXd/comments
582,https://pedia.watcha.com/ko-KR/contents/mWy6J1O/comments
583,https://pedia.watcha.com/ko-KR/contents/mW42MvY/comments
584,https://pedia.watcha.com/ko-KR/contents/m5NVagp/comments
585,https://pedia.watcha.com/ko-KR/contents/mdEYvAd/comments
586,https://pedia.watcha.com/ko-KR/contents/mO2p7x5/comments
587,https://pedia.watcha.com/ko-KR/contents/mdErwq0/comments
588,https://pedia.watcha.com/ko-KR/contents/mWyVKVO/comments
589,https://pedia.watcha.com/ko-KR/contents/md76JpN/comments
590,https://pedia.watcha.com/ko-KR/contents/mOAbPad/comments
591,https://pedia.watcha.com/ko-KR/contents/mWw2zm5/comments
592,https://pedia.watcha.com/ko-KR/contents/mWz4xPd/comments
593,https://pedia.watcha.com/ko-KR/contents/mdEAqld/comments
594,https://pedia.watcha.com/ko-KR/contents/m53opy5/comments
595,https://pedia.watcha.com/ko-KR/contents/mdMaeJd/comments
596,https://pedia.watcha.com/ko-KR/contents/m5eJ0Kg/comments
597,https://pedia.watcha.com/ko-KR/contents/mOAZ6nX/comments
598,https://pedia.watcha.com/ko-KR/contents/m5QqpAk/comments
599,https://pedia.watcha.com/ko-KR/contents/mOgNZzW/comments
600,https://pedia.watcha.com/ko-KR/contents/m5aPMGd/comments
601,https://pedia.watcha.com/ko-KR/contents/mOAZ89E/comments
602,https://pedia.watcha.com/ko-KR/contents/m5mpajd/comments
603,https://pedia.watcha.com/ko-KR/contents/mOgBMZM/comments
604,https://pedia.watcha.com/ko-KR/contents/m5m1vJx/comments
605,https://pedia.watcha.com/ko-KR/contents/mgOAwG5/comments
606,https://pedia.watcha.com/ko-KR/contents/mOk6ZLj/comments
607,https://pedia.watcha.com/ko-KR/contents/mOkLpbg/comments
608,https://pedia.watcha.com/ko-KR/contents/mJO1RPd/comments
609,https://pedia.watcha.com/ko-KR/contents/mM5rDjO/comments
610,https://pedia.watcha.com/ko-KR/contents/md7GnMd/comments
611,https://pedia.watcha.com/ko-KR/contents/m5ZZRe5/comments
612,https://pedia.watcha.com/ko-KR/contents/m5333E6/comments
613,https://pedia.watcha.com/ko-KR/contents/m5mwVBg/comments
614,https://pedia.watcha.com/ko-KR/contents/mWzwxPV/comments
615,https://pedia.watcha.com/ko-KR/contents/m5XMq1N/comments
616,https://pedia.watcha.com/ko-KR/contents/mO0gm0V/comments
617,https://pedia.watcha.com/ko-KR/contents/mdB7nAG/comments
618,https://pedia.watcha.com/ko-KR/contents/mdjzlwd/comments
619,https://pedia.watcha.com/ko-KR/contents/m5Q94L7/comments
620,https://pedia.watcha.com/ko-KR/contents/mAd7MeW/comments
621,https://pedia.watcha.com/ko-KR/contents/mW4LYVL/comments
622,https://pedia.watcha.com/ko-KR/contents/m5roNbW/comments
623,https://pedia.watcha.com/ko-KR/contents/mdKBBv9/comments
624,https://pedia.watcha.com/ko-KR/contents/mMO2Y8W/comments
625,https://pedia.watcha.com/ko-KR/contents/mgOAPWm/comments
626,https://pedia.watcha.com/ko-KR/contents/mOk6B3k/comments
627,https://pedia.watcha.com/ko-KR/contents/mOVPlK1/comments
628,https://pedia.watcha.com/ko-KR/contents/m5x1Jvj/comments
629,https://pedia.watcha.com/ko-KR/contents/mO23Q0d/comments
630,https://pedia.watcha.com/ko-KR/contents/mdEm99m/comments
631,https://pedia.watcha.com/ko-KR/contents/m5XMMwA/comments
632,https://pedia.watcha.com/ko-KR/contents/mdEwQZm/comments
633,https://pedia.watcha.com/ko-KR/contents/mWzww49/comments
634,https://pedia.watcha.com/ko-KR/contents/mXOg4Nd/comments
635,https://pedia.watcha.com/ko-KR/contents/m5nQD4X/comments
636,https://pedia.watcha.com/ko-KR/contents/mr5Za6d/comments
637,https://pedia.watcha.com/ko-KR/contents/mdRLGVW/comments
638,https://pedia.watcha.com/ko-KR/contents/m5ekQR9/comments
639,https://pedia.watcha.com/ko-KR/contents/mdEwnwp/comments
640,https://pedia.watcha.com/ko-KR/contents/mJOVBZO/comments
641,https://pedia.watcha.com/ko-KR/contents/mOk60wW/comments
642,https://pedia.watcha.com/ko-KR/contents/m5GXXkN/comments
643,https://pedia.watcha.com/ko-KR/contents/mWqlb25/comments
644,https://pedia.watcha.com/ko-KR/contents/mOk6AwW/comments
645,https://pedia.watcha.com/ko-KR/contents/mOPoGgW/comments
646,https://pedia.watcha.com/ko-KR/contents/mWzqloZ/comments
647,https://pedia.watcha.com/ko-KR/contents/mOPVEMD/comments
648,https://pedia.watcha.com/ko-KR/contents/mWvEBx5/comments
649,https://pedia.watcha.com/ko-KR/contents/mO1jn9Q/comments
650,https://pedia.watcha.com/ko-KR/contents/m5ZybxL/comments
651,https://pedia.watcha.com/ko-KR/contents/mWJqL45/comments
652,https://pedia.watcha.com/ko-KR/contents/mJOVQRW/comments
653,https://pedia.watcha.com/ko-KR/contents/m5Dg8yd/comments
654,https://pedia.watcha.com/ko-KR/contents/mWw2oE5/comments
655,https://pedia.watcha.com/ko-KR/contents/mdEwElW/comments
656,https://pedia.watcha.com/ko-KR/contents/m5GoXEn/comments
657,https://pedia.watcha.com/ko-KR/contents/mdEw9nb/comments
658,https://pedia.watcha.com/ko-KR/contents/m5Y6KEX/comments
659,https://pedia.watcha.com/ko-KR/contents/mOk6LMM/comments
660,https://pedia.watcha.com/ko-KR/contents/mO8KKZX/comments
661,https://pedia.watcha.com/ko-KR/contents/m5mY1xm/comments
662,https://pedia.watcha.com/ko-KR/contents/mWpm1xA/comments
663,https://pedia.watcha.com/ko-KR/contents/mdE7gAW/comments
664,https://pedia.watcha.com/ko-KR/contents/m5xJJ43/comments
665,https://pedia.watcha.com/ko-KR/contents/mOP0PLa/comments
666,https://pedia.watcha.com/ko-KR/contents/mdKBDG9/comments
667,https://pedia.watcha.com/ko-KR/contents/mdKe3kW/comments
668,https://pedia.watcha.com/ko-KR/contents/mOo8bPd/comments
669,https://pedia.watcha.com/ko-KR/contents/mO0ggJa/comments
670,https://pedia.watcha.com/ko-KR/contents/mOgz60W/comments
671,https://pedia.watcha.com/ko-KR/contents/mWLQnwO/comments
672,https://pedia.watcha.com/ko-KR/contents/mdjz9qd/comments
673,https://pedia.watcha.com/ko-KR/contents/mdj2a0w/comments
674,https://pedia.watcha.com/ko-KR/contents/mM5rM7d/comments
675,https://pedia.watcha.com/ko-KR/contents/mYdEJV5/comments
676,https://pedia.watcha.com/ko-KR/contents/m5GXqDW/comments
677,https://pedia.watcha.com/ko-KR/contents/mWyJxKx/comments
678,https://pedia.watcha.com/ko-KR/contents/m5n0GYO/comments
679,https://pedia.watcha.com/ko-KR/contents/mOgjPDa/comments
680,https://pedia.watcha.com/ko-KR/contents/mWqJJeK/comments
681,https://pedia.watcha.com/ko-KR/contents/mdEEJVd/comments
682,https://pedia.watcha.com/ko-KR/contents/m5X2MpD/comments
683,https://pedia.watcha.com/ko-KR/contents/m5ZlxgL/comments
684,https://pedia.watcha.com/ko-KR/contents/mdBzzmG/comments
685,https://pedia.watcha.com/ko-KR/contents/m5x3xad/comments
686,https://pedia.watcha.com/ko-KR/contents/mM5raVd/comments
687,https://pedia.watcha.com/ko-KR/contents/mdKYbzW/comments
688,https://pedia.watcha.com/ko-KR/contents/mObVGg1/comments
689,https://pedia.watcha.com/ko-KR/contents/mWqJ2yX/comments
690,https://pedia.watcha.com/ko-KR/contents/mWJyyn8/comments
691,https://pedia.watcha.com/ko-KR/contents/md7ZNeO/comments
692,https://pedia.watcha.com/ko-KR/contents/mOPoDlW/comments
693,https://pedia.watcha.com/ko-KR/contents/mO1lGwW/comments
694,https://pedia.watcha.com/ko-KR/contents/mO1VmLd/comments
695,https://pedia.watcha.com/ko-KR/contents/m5ZXXa0/comments
696,https://pedia.watcha.com/ko-KR/contents/mWLj6Dd/comments
697,https://pedia.watcha.com/ko-KR/contents/mdj3VD5/comments
698,https://pedia.watcha.com/ko-KR/contents/mO8wyjW/comments
699,https://pedia.watcha.com/ko-KR/contents/mObGAkL/comments
700,https://pedia.watcha.com/ko-KR/contents/m5aVVvM/comments
701,https://pedia.watcha.com/ko-KR/contents/mpWpGA5/comments
702,https://pedia.watcha.com/ko-KR/contents/mdjaAJo/comments
703,https://pedia.watcha.com/ko-KR/contents/m5agBoX/comments
704,https://pedia.watcha.com/ko-KR/contents/mW93KLB/comments
705,https://pedia.watcha.com/ko-KR/contents/mWvk0zD/comments
706,https://pedia.watcha.com/ko-KR/contents/mOP7BlW/comments
707,https://pedia.watcha.com/ko-KR/contents/m45nJY5/comments
708,https://pedia.watcha.com/ko-KR/contents/m5XMJ1W/comments
709,https://pedia.watcha.com/ko-KR/contents/mWq8la5/comments
710,https://pedia.watcha.com/ko-KR/contents/mWp6oAd/comments
711,https://pedia.watcha.com/ko-KR/contents/moW4w50/comments
712,https://pedia.watcha.com/ko-KR/contents/mO2MjxW/comments
713,https://pedia.watcha.com/ko-KR/contents/mWz343D/comments
714,https://pedia.watcha.com/ko-KR/contents/mDWvD3d/comments
715,https://pedia.watcha.com/ko-KR/contents/mO8ym9D/comments
716,https://pedia.watcha.com/ko-KR/contents/md6ZXMZ/comments
717,https://pedia.watcha.com/ko-KR/contents/mOPbw1P/comments
718,https://pedia.watcha.com/ko-KR/contents/mWJAwlL/comments
719,https://pedia.watcha.com/ko-KR/contents/mOgBgzW/comments
720,https://pedia.watcha.com/ko-KR/contents/mO0Y1Vd/comments
721,https://pedia.watcha.com/ko-KR/contents/mE5DvRO/comments
722,https://pedia.watcha.com/ko-KR/contents/m5QqQxG/comments
723,https://pedia.watcha.com/ko-KR/contents/md6YlZq/comments
724,https://pedia.watcha.com/ko-KR/contents/md7pD1v/comments
725,https://pedia.watcha.com/ko-KR/contents/m5ZoYMR/comments
726,https://pedia.watcha.com/ko-KR/contents/mDWvVDW/comments
727,https://pedia.watcha.com/ko-KR/contents/m5Xa3gW/comments
728,https://pedia.watcha.com/ko-KR/contents/m5ZXBRl/comments
729,https://pedia.watcha.com/ko-KR/contents/mWzaXZ5/comments
730,https://pedia.watcha.com/ko-KR/contents/m85XAAW/comments
731,https://pedia.watcha.com/ko-KR/contents/mWywKmN/comments
732,https://pedia.watcha.com/ko-KR/contents/mOkmyQ5/comments
733,https://pedia.watcha.com/ko-KR/contents/md6GaZ5/comments
734,https://pedia.watcha.com/ko-KR/contents/mdEwkGW/comments
735,https://pedia.watcha.com/ko-KR/contents/mW4LMRW/comments
736,https://pedia.watcha.com/ko-KR/contents/mOAr8ad/comments
737,https://pedia.watcha.com/ko-KR/contents/m5DGGwy/comments
738,https://pedia.watcha.com/ko-KR/contents/md7eyvW/comments
739,https://pedia.watcha.com/ko-KR/contents/mWzwKp9/comments
740,https://pedia.watcha.com/ko-KR/contents/mW4YZYe/comments
741,https://pedia.watcha.com/ko-KR/contents/mdMgg9m/comments
742,https://pedia.watcha.com/ko-KR/contents/m5QA6GD/comments
743,https://pedia.watcha.com/ko-KR/contents/mdMRgzR/comments
744,https://pedia.watcha.com/ko-KR/contents/m5eJJZR/comments
745,https://pedia.watcha.com/ko-KR/contents/mW4LLko/comments
746,https://pedia.watcha.com/ko-KR/contents/mWw3Bq3/comments
747,https://pedia.watcha.com/ko-KR/contents/mWLAvNO/comments
748,https://pedia.watcha.com/ko-KR/contents/mW92pZO/comments
749,https://pedia.watcha.com/ko-KR/contents/m5eXrLd/comments
750,https://pedia.watcha.com/ko-KR/contents/mdRLaKW/comments
751,https://pedia.watcha.com/ko-KR/contents/mnOoKmO/comments
752,https://pedia.watcha.com/ko-KR/contents/md6N3Yd/comments
753,https://pedia.watcha.com/ko-KR/contents/mO04LRO/comments
754,https://pedia.watcha.com/ko-KR/contents/mOgJrgW/comments
755,https://pedia.watcha.com/ko-KR/contents/mOAZVla/comments
756,https://pedia.watcha.com/ko-KR/contents/md7YZjB/comments
757,https://pedia.watcha.com/ko-KR/contents/mdR7kV5/comments
758,https://pedia.watcha.com/ko-KR/contents/mWLjREk/comments
759,https://pedia.watcha.com/ko-KR/contents/m5YAzl5/comments
760,https://pedia.watcha.com/ko-KR/contents/mOPjAP5/comments
761,https://pedia.watcha.com/ko-KR/contents/m5rnzR5/comments
762,https://pedia.watcha.com/ko-KR/contents/mdRLwzK/comments
763,https://pedia.watcha.com/ko-KR/contents/mWvE0b5/comments
764,https://pedia.watcha.com/ko-KR/contents/mWqv6lO/comments
765,https://pedia.watcha.com/ko-KR/contents/mWL8ywW/comments
766,https://pedia.watcha.com/ko-KR/contents/mO8ZG25/comments
767,https://pedia.watcha.com/ko-KR/contents/mdBzxzd/comments
768,https://pedia.watcha.com/ko-KR/contents/mWJyLwL/comments
769,https://pedia.watcha.com/ko-KR/contents/mY5Q2JW/comments
770,https://pedia.watcha.com/ko-KR/contents/mWp67ad/comments
771,https://pedia.watcha.com/ko-KR/contents/mWLo7D5/comments
772,https://pedia.watcha.com/ko-KR/contents/m5mY6jj/comments
773,https://pedia.watcha.com/ko-KR/contents/mdEJ1m5/comments
774,https://pedia.watcha.com/ko-KR/contents/mWqJJal/comments
775,https://pedia.watcha.com/ko-KR/contents/mW93pGB/comments
776,https://pedia.watcha.com/ko-KR/contents/mOljbA5/comments
777,https://pedia.watcha.com/ko-KR/contents/mOPomg7/comments
778,https://pedia.watcha.com/ko-KR/contents/mJOV91W/comments
779,https://pedia.watcha.com/ko-KR/contents/mOkLvkQ/comments
780,https://pedia.watcha.com/ko-KR/contents/m5DGKb0/comments
781,https://pedia.watcha.com/ko-KR/contents/mWy4Dy5/comments
782,https://pedia.watcha.com/ko-KR/contents/mWvk6pr/comments
783,https://pedia.watcha.com/ko-KR/contents/mO8K63W/comments
784,https://pedia.watcha.com/ko-KR/contents/m5rQbBJ/comments
785,https://pedia.watcha.com/ko-KR/contents/mW9epeW/comments
786,https://pedia.watcha.com/ko-KR/contents/mOVJLZO/comments
787,https://pedia.watcha.com/ko-KR/contents/m5YL66w/comments
788,https://pedia.watcha.com/ko-KR/contents/m5Y6kvW/comments
789,https://pedia.watcha.com/ko-KR/contents/mW9l0l5/comments
790,https://pedia.watcha.com/ko-KR/contents/mWLzZ3d/comments
791,https://pedia.watcha.com/ko-KR/contents/mWvkwA0/comments
792,https://pedia.watcha.com/ko-KR/contents/mWJyPpx/comments
793,https://pedia.watcha.com/ko-KR/contents/mO07Z1e/comments
794,https://pedia.watcha.com/ko-KR/contents/mdBD0MD/comments
795,https://pedia.watcha.com/ko-KR/contents/mdjRAad/comments
796,https://pedia.watcha.com/ko-KR/contents/md76XkO/comments
797,https://pedia.watcha.com/ko-KR/contents/m5xMQlW/comments
798,https://pedia.watcha.com/ko-KR/contents/m5azkqW/comments
799,https://pedia.watcha.com/ko-KR/contents/mO1Jnwd/comments
800,https://pedia.watcha.com/ko-KR/contents/mOlKxeW/comments
801,https://pedia.watcha.com/ko-KR/contents/mgOAGZ5/comments
802,https://pedia.watcha.com/ko-KR/contents/mOk6qrk/comments
803,https://pedia.watcha.com/ko-KR/contents/mdMg7l2/comments
804,https://pedia.watcha.com/ko-KR/contents/m5aKnlO/comments
805,https://pedia.watcha.com/ko-KR/contents/mNdKmRW/comments
806,https://pedia.watcha.com/ko-KR/contents/mdj2axJ/comments
807,https://pedia.watcha.com/ko-KR/contents/mdRLZ2y/comments
808,https://pedia.watcha.com/ko-KR/contents/mWyeBVW/comments
809,https://pedia.watcha.com/ko-KR/contents/m5ZlXAR/comments
810,https://pedia.watcha.com/ko-KR/contents/mO23AQd/comments
811,https://pedia.watcha.com/ko-KR/contents/m5eAYM5/comments
812,https://pedia.watcha.com/ko-KR/contents/m5mY1nD/comments
813,https://pedia.watcha.com/ko-KR/contents/m5nXp89/comments
814,https://pedia.watcha.com/ko-KR/contents/m5mwVDA/comments
815,https://pedia.watcha.com/ko-KR/contents/mO2PAy8/comments
816,https://pedia.watcha.com/ko-KR/contents/mdMkwRW/comments
817,https://pedia.watcha.com/ko-KR/contents/mOVPvvB/comments
818,https://pedia.watcha.com/ko-KR/contents/mWya4xW/comments
819,https://pedia.watcha.com/ko-KR/contents/m5aXvGd/comments
820,https://pedia.watcha.com/ko-KR/contents/m5x1Mex/comments
821,https://pedia.watcha.com/ko-KR/contents/mOopxyz/comments
822,https://pedia.watcha.com/ko-KR/contents/m5N83EO/comments
823,https://pedia.watcha.com/ko-KR/contents/m5rQRJd/comments
824,https://pedia.watcha.com/ko-KR/contents/mdBe4AO/comments
825,https://pedia.watcha.com/ko-KR/contents/mWp41gW/comments
826,https://pedia.watcha.com/ko-KR/contents/mWLjDor/comments
827,https://pedia.watcha.com/ko-KR/contents/mJOVXR5/comments
828,https://pedia.watcha.com/ko-KR/contents/m533Nv3/comments
829,https://pedia.watcha.com/ko-KR/contents/mQO84DO/comments
830,https://pedia.watcha.com/ko-KR/contents/mO1A7wO/comments
831,https://pedia.watcha.com/ko-KR/contents/mOo0Aya/comments
832,https://pedia.watcha.com/ko-KR/contents/mWvkAMD/comments
833,https://pedia.watcha.com/ko-KR/contents/mdK0oy5/comments
834,https://pedia.watcha.com/ko-KR/contents/md6MqXO/comments
835,https://pedia.watcha.com/ko-KR/contents/mdBzMpp/comments
836,https://pedia.watcha.com/ko-KR/contents/md6Vlad/comments
837,https://pedia.watcha.com/ko-KR/contents/mObBmNO/comments
838,https://pedia.watcha.com/ko-KR/contents/mWyPa65/comments
839,https://pedia.watcha.com/ko-KR/contents/mOlNee5/comments
840,https://pedia.watcha.com/ko-KR/contents/m5Q94zJ/comments
841,https://pedia.watcha.com/ko-KR/contents/m5Yg7XO/comments
842,https://pedia.watcha.com/ko-KR/contents/mOAePmO/comments
843,https://pedia.watcha.com/ko-KR/contents/mOgLQAd/comments
844,https://pedia.watcha.com/ko-KR/contents/mWywXMx/comments
845,https://pedia.watcha.com/ko-KR/contents/m5YBRwW/comments
846,https://pedia.watcha.com/ko-KR/contents/mOgBDvz/comments
847,https://pedia.watcha.com/ko-KR/contents/mgdM2X5/comments
848,https://pedia.watcha.com/ko-KR/contents/mObAaRW/comments
849,https://pedia.watcha.com/ko-KR/contents/mdj2Q2q/comments
850,https://pedia.watcha.com/ko-KR/contents/m5ZJkx5/comments
851,https://pedia.watcha.com/ko-KR/contents/m5Yn7vW/comments
852,https://pedia.watcha.com/ko-KR/contents/m2Wyg6d/comments
853,https://pedia.watcha.com/ko-KR/contents/mW4LNQP/comments
854,https://pedia.watcha.com/ko-KR/contents/m5YM8j5/comments
855,https://pedia.watcha.com/ko-KR/contents/mOgK0w3/comments
856,https://pedia.watcha.com/ko-KR/contents/mWyJbM1/comments
857,https://pedia.watcha.com/ko-KR/contents/m5GDopW/comments
858,https://pedia.watcha.com/ko-KR/contents/mdjaxaO/comments
859,https://pedia.watcha.com/ko-KR/contents/m533lj5/comments
860,https://pedia.watcha.com/ko-KR/contents/m5DPDG3/comments
861,https://pedia.watcha.com/ko-KR/contents/mO22bAO/comments
862,https://pedia.watcha.com/ko-KR/contents/mObBqq1/comments
863,https://pedia.watcha.com/ko-KR/contents/mOoZBmW/comments
864,https://pedia.watcha.com/ko-KR/contents/m5xoKEd/comments
865,https://pedia.watcha.com/ko-KR/contents/m5QejJ5/comments
866,https://pedia.watcha.com/ko-KR/contents/mdB7zbq/comments
867,https://pedia.watcha.com/ko-KR/contents/mdEA7bd/comments
868,https://pedia.watcha.com/ko-KR/contents/mWvRkMW/comments
869,https://pedia.watcha.com/ko-KR/contents/mOPMrwd/comments
870,https://pedia.watcha.com/ko-KR/contents/m1d69XO/comments
871,https://pedia.watcha.com/ko-KR/contents/mWvJZMW/comments
872,https://pedia.watcha.com/ko-KR/contents/m533QPj/comments
873,https://pedia.watcha.com/ko-KR/contents/mr5ZVe5/comments
874,https://pedia.watcha.com/ko-KR/contents/m5Gwpn5/comments
875,https://pedia.watcha.com/ko-KR/contents/mjO0ja5/comments
876,https://pedia.watcha.com/ko-KR/contents/mOlLzQO/comments
877,https://pedia.watcha.com/ko-KR/contents/mOVAa1W/comments
878,https://pedia.watcha.com/ko-KR/contents/m53nlnd/comments
879,https://pedia.watcha.com/ko-KR/contents/mOPezVd/comments
880,https://pedia.watcha.com/ko-KR/contents/m5NVBE5/comments
881,https://pedia.watcha.com/ko-KR/contents/mO16MYd/comments
882,https://pedia.watcha.com/ko-KR/contents/m5nQ3PD/comments
883,https://pedia.watcha.com/ko-KR/contents/mOkpQ8d/comments
884,https://pedia.watcha.com/ko-KR/contents/mM5r6b5/comments
885,https://pedia.watcha.com/ko-KR/contents/mBOkjMW/comments
886,https://pedia.watcha.com/ko-KR/contents/mOgBGDz/comments
887,https://pedia.watcha.com/ko-KR/contents/m5eJ0RW/comments
888,https://pedia.watcha.com/ko-KR/contents/mWJpE3d/comments
889,https://pedia.watcha.com/ko-KR/contents/mO0qMzd/comments
890,https://pedia.watcha.com/ko-KR/contents/mdMBl82/comments
891,https://pedia.watcha.com/ko-KR/contents/mOgp9Md/comments
892,https://pedia.watcha.com/ko-KR/contents/mW9lY15/comments
893,https://pedia.watcha.com/ko-KR/contents/mOAkPE5/comments
894,https://pedia.watcha.com/ko-KR/contents/mObgG1d/comments
895,https://pedia.watcha.com/ko-KR/contents/mOVz8qO/comments
896,https://pedia.watcha.com/ko-KR/contents/mOg7gYO/comments
897,https://pedia.watcha.com/ko-KR/contents/m5xoE3d/comments
898,https://pedia.watcha.com/ko-KR/contents/mn5NpaO/comments
899,https://pedia.watcha.com/ko-KR/contents/mdKYl7W/comments
900,https://pedia.watcha.com/ko-KR/contents/mWp1qmO/comments
901,https://pedia.watcha.com/ko-KR/contents/mW44ygW/comments
902,https://pedia.watcha.com/ko-KR/contents/m5nkgqW/comments
903,https://pedia.watcha.com/ko-KR/contents/mW9NVZO/comments
904,https://pedia.watcha.com/ko-KR/contents/m5XP9L5/comments
905,https://pedia.watcha.com/ko-KR/contents/mdKBpZJ/comments
906,https://pedia.watcha.com/ko-KR/contents/m5GXxb2/comments
907,https://pedia.watcha.com/ko-KR/contents/m5aExN5/comments
908,https://pedia.watcha.com/ko-KR/contents/mOPeXVd/comments
909,https://pedia.watcha.com/ko-KR/contents/m5GZDNd/comments
910,https://pedia.watcha.com/ko-KR/contents/mOkv4pW/comments
911,https://pedia.watcha.com/ko-KR/contents/mdjD0oW/comments
912,https://pedia.watcha.com/ko-KR/contents/mWwBBGX/comments
913,https://pedia.watcha.com/ko-KR/contents/mO1VPro/comments
914,https://pedia.watcha.com/ko-KR/contents/m6dRyVO/comments
915,https://pedia.watcha.com/ko-KR/contents/mWzxwZd/comments
916,https://pedia.watcha.com/ko-KR/contents/mdjayoO/comments
917,https://pedia.watcha.com/ko-KR/contents/mdBRPGd/comments
918,https://pedia.watcha.com/ko-KR/contents/mQO8e2d/comments
