user,href
뚱이에요,https://pedia.watcha.com/ko-KR/users/YMKqmpwNkxloD/contents/movies/ratings
서영욱,https://pedia.watcha.com/ko-KR/users/2mwvgN07PEqMa/contents/movies/ratings
박서하,https://pedia.watcha.com/ko-KR/users/36lvX8XXgPvXd/contents/movies/ratings
김병우,https://pedia.watcha.com/ko-KR/users/VRZv482M1vr6y/contents/movies/ratings
이동진 평론가,https://pedia.watcha.com/ko-KR/users/DgwxAeQYNxrMj/contents/movies/ratings
5jp,https://pedia.watcha.com/ko-KR/users/WRQxDgGXD5dl9/contents/movies/ratings
주 혜,https://pedia.watcha.com/ko-KR/users/dP8v638205WeJ/contents/movies/ratings
나쁜피,https://pedia.watcha.com/ko-KR/users/WwRqoR4OWxlzB/contents/movies/ratings
경민,https://pedia.watcha.com/ko-KR/users/6ADvGQ0JXmxzZ/contents/movies/ratings
석미인,https://pedia.watcha.com/ko-KR/users/RJgkqlB6a5X0b/contents/movies/ratings
Jay Oh,https://pedia.watcha.com/ko-KR/users/nkPvrb8wrvgar/contents/movies/ratings
batman103(영화지망생),https://pedia.watcha.com/ko-KR/users/6NW5QraB6x1Yo/contents/movies/ratings
_minzun,https://pedia.watcha.com/ko-KR/users/j4PxOBN6Vr5p0/contents/movies/ratings
임도형,https://pedia.watcha.com/ko-KR/users/nkPvrPeglxgar/contents/movies/ratings
leo,https://pedia.watcha.com/ko-KR/users/ZBm5RYa64vd46/contents/movies/ratings
JY,https://pedia.watcha.com/ko-KR/users/a9L5P06Kg5wg8/contents/movies/ratings
Camellia,https://pedia.watcha.com/ko-KR/users/WwRqopwVyvlzB/contents/movies/ratings
신동연,https://pedia.watcha.com/ko-KR/users/6ewxamymWxQ1m/contents/movies/ratings
Dh,https://pedia.watcha.com/ko-KR/users/OkexJZgB4xdbw/contents/movies/ratings
이종욱,https://pedia.watcha.com/ko-KR/users/K6Exj4XAzvX1O/contents/movies/ratings
November Rain,https://pedia.watcha.com/ko-KR/users/ZBm5RAJaPvd46/contents/movies/ratings
라임에이드,https://pedia.watcha.com/ko-KR/users/WwRqokdDXqlzB/contents/movies/ratings
팬서,https://pedia.watcha.com/ko-KR/users/8nPvy74pLExYo/contents/movies/ratings
이카레,https://pedia.watcha.com/ko-KR/users/yKZx33nDwx4dJ/contents/movies/ratings
이건영(everyhuman),https://pedia.watcha.com/ko-KR/users/Qgy51rmX7xDjk/contents/movies/ratings
조슬기,https://pedia.watcha.com/ko-KR/users/17ovV14JXqzyn/contents/movies/ratings
황재윤,https://pedia.watcha.com/ko-KR/users/RE952mNrYZvQ7/contents/movies/ratings
주령,https://pedia.watcha.com/ko-KR/users/JYMKqmXBExloD/contents/movies/ratings
이수빈,https://pedia.watcha.com/ko-KR/users/nkPvry284jqga/contents/movies/ratings
동관,https://pedia.watcha.com/ko-KR/users/ld0q0Vj7356Xn/contents/movies/ratings
TERU,https://pedia.watcha.com/ko-KR/users/ZBm5RNJya5d46/contents/movies/ratings
Random cul,https://pedia.watcha.com/ko-KR/users/JZ4vBWYVW5RXO/contents/movies/ratings
채호,https://pedia.watcha.com/ko-KR/users/6ewxa3y48vQ1m/contents/movies/ratings
수진,https://pedia.watcha.com/ko-KR/users/JZ4vBgLKm5RXO/contents/movies/ratings
휘리릭,https://pedia.watcha.com/ko-KR/users/dP8v6yp8QqWeJ/contents/movies/ratings
남상혁,https://pedia.watcha.com/ko-KR/users/YMKqmKayl5loD/contents/movies/ratings
사운,https://pedia.watcha.com/ko-KR/users/WwRqokgWyqlzB/contents/movies/ratings
하리,https://pedia.watcha.com/ko-KR/users/j4PxOVV2m5p0Q/contents/movies/ratings
영미남 김용우,https://pedia.watcha.com/ko-KR/users/wR6OvKy06xN8V/contents/movies/ratings
햄튜브,https://pedia.watcha.com/ko-KR/users/3BnvwPaL95PAY/contents/movies/ratings
크리스 of 배드테이스트 &무비프레스,https://pedia.watcha.com/ko-KR/users/oOkexJGWDqdbw/contents/movies/ratings
오경문,https://pedia.watcha.com/ko-KR/users/24BqEYD71qrjn/contents/movies/ratings
김선대,https://pedia.watcha.com/ko-KR/users/zNM5N0XoGq26j/contents/movies/ratings
JJS,https://pedia.watcha.com/ko-KR/users/nb4xk27L9m5OA/contents/movies/ratings
예비 작가 장시우,https://pedia.watcha.com/ko-KR/users/ld0q06n8Y56Xn/contents/movies/ratings
언논논,https://pedia.watcha.com/ko-KR/users/36lvXRNeBxXdn/contents/movies/ratings
223 663,https://pedia.watcha.com/ko-KR/users/nb4xkWN1pmxOA/contents/movies/ratings
차지훈,https://pedia.watcha.com/ko-KR/users/YMKqm2p7lvloD/contents/movies/ratings
백수골방,https://pedia.watcha.com/ko-KR/users/DyKZx31lRv4dJ/contents/movies/ratings
효지,https://pedia.watcha.com/ko-KR/users/RE952rVXRZ5Q7/contents/movies/ratings
JE,https://pedia.watcha.com/ko-KR/users/YaR5YlVEwvgX1/contents/movies/ratings
김현민,https://pedia.watcha.com/ko-KR/users/nkPvrdwDExgar/contents/movies/ratings
Lemonia,https://pedia.watcha.com/ko-KR/users/87Gv7EJAJxE6o/contents/movies/ratings
최진욱,https://pedia.watcha.com/ko-KR/users/6ADvGQOwWxzZl/contents/movies/ratings
유권민,https://pedia.watcha.com/ko-KR/users/DgwxAa0rdxrMj/contents/movies/ratings
YODA(수능끝난고3),https://pedia.watcha.com/ko-KR/users/6ewxaDDAZ5Q1m/contents/movies/ratings
범이,https://pedia.watcha.com/ko-KR/users/JZ4vB06D2YxRX/contents/movies/ratings
송주환,https://pedia.watcha.com/ko-KR/users/87Gv7DaBG5E6o/contents/movies/ratings
붉은 눈꽃,https://pedia.watcha.com/ko-KR/users/YMKqmEORkqloD/contents/movies/ratings
도서관 미어캣,https://pedia.watcha.com/ko-KR/users/2mwvg8Zyr5Ma7/contents/movies/ratings
이진수,https://pedia.watcha.com/ko-KR/users/2mwvgel9JxMa7/contents/movies/ratings
방쌤,https://pedia.watcha.com/ko-KR/users/a9L5P4k205wg8/contents/movies/ratings
조항빈,https://pedia.watcha.com/ko-KR/users/4WLxZjz7ExroA/contents/movies/ratings
차칸수니리,https://pedia.watcha.com/ko-KR/users/7gdxdpDo4xGYJ/contents/movies/ratings
류지훈,https://pedia.watcha.com/ko-KR/users/ZBm5R0wEJ6qd4/contents/movies/ratings
corcovado,https://pedia.watcha.com/ko-KR/users/zNM5Nyk9Gv26j/contents/movies/ratings
idaein,https://pedia.watcha.com/ko-KR/users/K6ExjwrR6qX1O/contents/movies/ratings
이근혜,https://pedia.watcha.com/ko-KR/users/8BRveaJ3Dv6VJ/contents/movies/ratings
Doo,https://pedia.watcha.com/ko-KR/users/dP8v6W40Y5WeJ/contents/movies/ratings
웅이,https://pedia.watcha.com/ko-KR/users/7gdxdjRy4vGYJ/contents/movies/ratings
임희봉,https://pedia.watcha.com/ko-KR/users/g64qzYdz0xER0/contents/movies/ratings
담시노,https://pedia.watcha.com/ko-KR/users/6ADvGQN6EKxzZ/contents/movies/ratings
까망콩,https://pedia.watcha.com/ko-KR/users/dP8v6MMbkqWeJ/contents/movies/ratings
의식의흐름,https://pedia.watcha.com/ko-KR/users/ZWpqMONaX5rkn/contents/movies/ratings
쇼스타퍼,https://pedia.watcha.com/ko-KR/users/nkPvr9QWoqgar/contents/movies/ratings
강은종,https://pedia.watcha.com/ko-KR/users/g64qzgWX1vER0/contents/movies/ratings
임판호,https://pedia.watcha.com/ko-KR/users/YaR5YG9D4qgX1/contents/movies/ratings
영화잡식주의,https://pedia.watcha.com/ko-KR/users/VRZv4elBd5r6y/contents/movies/ratings
왕은혜,https://pedia.watcha.com/ko-KR/users/JZ4vB8rVGxRXO/contents/movies/ratings
이종석,https://pedia.watcha.com/ko-KR/users/nkPvrlN1Dxgar/contents/movies/ratings
조현우,https://pedia.watcha.com/ko-KR/users/8nPvyko24xYo0/contents/movies/ratings
MJ Yoon,https://pedia.watcha.com/ko-KR/users/4WLxZoXQrqroA/contents/movies/ratings
송현석,https://pedia.watcha.com/ko-KR/users/YaR5YWE6BqgX1/contents/movies/ratings
김아쉬,https://pedia.watcha.com/ko-KR/users/RE952rzYzl5Q7/contents/movies/ratings
Laurent,https://pedia.watcha.com/ko-KR/users/3BnvwnOBZqPAY/contents/movies/ratings
감성과 이성사이,https://pedia.watcha.com/ko-KR/users/a9L5PY3l0gxwg/contents/movies/ratings
영사남,https://pedia.watcha.com/ko-KR/users/ld0q0WnWOx6Xn/contents/movies/ratings
조수아,https://pedia.watcha.com/ko-KR/users/7gdxd9YjVqGYJ/contents/movies/ratings
"별,",https://pedia.watcha.com/ko-KR/users/3BnvwG7rBvPAY/contents/movies/ratings
변예찬,https://pedia.watcha.com/ko-KR/users/Kjae5WPXx1P3W/contents/movies/ratings
DK,https://pedia.watcha.com/ko-KR/users/VRZv4nDObxr6y/contents/movies/ratings
김영철,https://pedia.watcha.com/ko-KR/users/OkexJe9Wm5dbw/contents/movies/ratings
김형중,https://pedia.watcha.com/ko-KR/users/7gdxdDKOXxGYJ/contents/movies/ratings
A's J,https://pedia.watcha.com/ko-KR/users/JgAx8b38WvLbO/contents/movies/ratings
문준모,https://pedia.watcha.com/ko-KR/users/K6ExjjpR6xX1O/contents/movies/ratings
시바견,https://pedia.watcha.com/ko-KR/users/dP8v6KKo9M5We/contents/movies/ratings
BeBe (재미감별사),https://pedia.watcha.com/ko-KR/users/67gdxdWMy5GYJ/contents/movies/ratings
빈빈,https://pedia.watcha.com/ko-KR/users/4WLxZjAog8xro/contents/movies/ratings
Alexiah,https://pedia.watcha.com/ko-KR/users/Q9L5p1g98xNb0/contents/movies/ratings
Cinefeel,https://pedia.watcha.com/ko-KR/users/JgAx8woMw5LbO/contents/movies/ratings
킴지,https://pedia.watcha.com/ko-KR/users/7YaR5YwjpqgX1/contents/movies/ratings
Travis Hilts,https://pedia.watcha.com/ko-KR/users/YMKqmn8grvloD/contents/movies/ratings
임돌선,https://pedia.watcha.com/ko-KR/users/487Gv7lbL5E6o/contents/movies/ratings
미드나잇인파리,https://pedia.watcha.com/ko-KR/users/DgwxAN8KNqrMj/contents/movies/ratings
오진하,https://pedia.watcha.com/ko-KR/users/Mr95nB6L7N5ZP/contents/movies/ratings
라이너스,https://pedia.watcha.com/ko-KR/users/jae5WlOXVx1P3/contents/movies/ratings
강탑구,https://pedia.watcha.com/ko-KR/users/6Qgy511kD5Djk/contents/movies/ratings
film fantasia,https://pedia.watcha.com/ko-KR/users/g64qzjX8eqER0/contents/movies/ratings
마르키토,https://pedia.watcha.com/ko-KR/users/87Gv7MZAmxE6o/contents/movies/ratings
박상환,https://pedia.watcha.com/ko-KR/users/NP9vL9Ee256kl/contents/movies/ratings
봄날,https://pedia.watcha.com/ko-KR/users/dP8v6rDD7kvWe/contents/movies/ratings
김효석,https://pedia.watcha.com/ko-KR/users/JgkqlJJk25X0b/contents/movies/ratings
JIGSAW,https://pedia.watcha.com/ko-KR/users/WRQxDQnn1qdl9/contents/movies/ratings
dinozzo,https://pedia.watcha.com/ko-KR/users/Pznx9O2kJv761/contents/movies/ratings
Hoon,https://pedia.watcha.com/ko-KR/users/K6ExjB1wwxX1O/contents/movies/ratings
김거니,https://pedia.watcha.com/ko-KR/users/VRZv4bgrpxr6y/contents/movies/ratings
전동민94,https://pedia.watcha.com/ko-KR/users/K6ExjP7B07vX1/contents/movies/ratings
윤성현,https://pedia.watcha.com/ko-KR/users/PdjaxbRpExLw8/contents/movies/ratings
드미트리,https://pedia.watcha.com/ko-KR/users/ld0q0Lp6Pq6Xn/contents/movies/ratings
주방장의 잡기술,https://pedia.watcha.com/ko-KR/users/JZ4vBWd4J5RXO/contents/movies/ratings
이팔청춘,https://pedia.watcha.com/ko-KR/users/zNM5Nj707526j/contents/movies/ratings
적월,https://pedia.watcha.com/ko-KR/users/3BnvwD9lB5PAY/contents/movies/ratings
상원,https://pedia.watcha.com/ko-KR/users/nkPvr4Odrxgar/contents/movies/ratings
홀든 콜필드,https://pedia.watcha.com/ko-KR/users/JgkqlD9DaqX0b/contents/movies/ratings
김민재,https://pedia.watcha.com/ko-KR/users/nkPvrp0gJxgar/contents/movies/ratings
Zut,https://pedia.watcha.com/ko-KR/users/jae5WVmeav1P3/contents/movies/ratings
k_im san,https://pedia.watcha.com/ko-KR/users/R6OvKZKepqN8V/contents/movies/ratings
천승민,https://pedia.watcha.com/ko-KR/users/nkPvreBnOqgar/contents/movies/ratings
석재현,https://pedia.watcha.com/ko-KR/users/8BRveW01Gx6VJ/contents/movies/ratings
양미르,https://pedia.watcha.com/ko-KR/users/ld0q0YwJYv6Xn/contents/movies/ratings
이공사육,https://pedia.watcha.com/ko-KR/users/87Gv7LWkW5E6o/contents/movies/ratings
정해원,https://pedia.watcha.com/ko-KR/users/87Gv77Y8JvE6o/contents/movies/ratings
축구선수 홍승민,https://pedia.watcha.com/ko-KR/users/r2mwvgQVOxMa7/contents/movies/ratings
최성균,https://pedia.watcha.com/ko-KR/users/g64qzOoa1vER0/contents/movies/ratings
이원빈,https://pedia.watcha.com/ko-KR/users/yKZx33y4bx4dJ/contents/movies/ratings
구본철,https://pedia.watcha.com/ko-KR/users/YaR5Y47KyvgX1/contents/movies/ratings
웡카,https://pedia.watcha.com/ko-KR/users/R6OvK4OOL5N8V/contents/movies/ratings
Minion,https://pedia.watcha.com/ko-KR/users/Mr95nlRABqZPG/contents/movies/ratings
찐로,https://pedia.watcha.com/ko-KR/users/JgAx8dmYAWxLb/contents/movies/ratings
간지하울,https://pedia.watcha.com/ko-KR/users/g64qzYNL1xER0/contents/movies/ratings
CINEX,https://pedia.watcha.com/ko-KR/users/ra9L5Pg9Nvwg8/contents/movies/ratings
매막내사랑해💕,https://pedia.watcha.com/ko-KR/users/dP8v6r8p8vWeJ/contents/movies/ratings
희연희,https://pedia.watcha.com/ko-KR/users/VRZv4n71Bxr6y/contents/movies/ratings
최팀장,https://pedia.watcha.com/ko-KR/users/8nPvyOPX6xYo0/contents/movies/ratings
빠나나차차,https://pedia.watcha.com/ko-KR/users/WwRqobQJ1xlzB/contents/movies/ratings
로튼토마토,https://pedia.watcha.com/ko-KR/users/a9L5PJ2g2qwg8/contents/movies/ratings
제이프릭,https://pedia.watcha.com/ko-KR/users/yKZx3keDGx4dJ/contents/movies/ratings
리뉴,https://pedia.watcha.com/ko-KR/users/WRQxDO6WG5dl9/contents/movies/ratings
Nam Seon Woo,https://pedia.watcha.com/ko-KR/users/87Gv7BGPJqE6o/contents/movies/ratings
헵번공주,https://pedia.watcha.com/ko-KR/users/WRQxD1n1mqdl9/contents/movies/ratings
윤탱,https://pedia.watcha.com/ko-KR/users/zNM5N6Wkn526j/contents/movies/ratings
병살타,https://pedia.watcha.com/ko-KR/users/YaR5YQO8Jl5gX/contents/movies/ratings
박소희,https://pedia.watcha.com/ko-KR/users/YaR5YlYk4vgX1/contents/movies/ratings
양승모,https://pedia.watcha.com/ko-KR/users/Mr95ny6PjvZPG/contents/movies/ratings
점수주는사람,https://pedia.watcha.com/ko-KR/users/3BnvwL3mj5PAY/contents/movies/ratings
MANGSOC,https://pedia.watcha.com/ko-KR/users/YaR5YV4XwxgX1/contents/movies/ratings
Graysky Love,https://pedia.watcha.com/ko-KR/users/jae5WlNgGx1P3/contents/movies/ratings
Davyjones,https://pedia.watcha.com/ko-KR/users/a9L5PVboyqwg8/contents/movies/ratings
Auspicious Light,https://pedia.watcha.com/ko-KR/users/4WLxZm9O85roA/contents/movies/ratings
CineVet,https://pedia.watcha.com/ko-KR/users/WRQxDekNmqdl9/contents/movies/ratings
양성민,https://pedia.watcha.com/ko-KR/users/6NW5QNNY7x1Yo/contents/movies/ratings
볼 영화 없는 1인,https://pedia.watcha.com/ko-KR/users/JZ4vBweLY5RXO/contents/movies/ratings
유지철,https://pedia.watcha.com/ko-KR/users/yKZx3nzkD54dJ/contents/movies/ratings
TronPax,https://pedia.watcha.com/ko-KR/users/g64qzZ7XRqER0/contents/movies/ratings
최주영🌈,https://pedia.watcha.com/ko-KR/users/87Gv7PoB35E6o/contents/movies/ratings
홍석민,https://pedia.watcha.com/ko-KR/users/VRZv4gAKpqr6y/contents/movies/ratings
완이,https://pedia.watcha.com/ko-KR/users/Pznx9KA0lJv76/contents/movies/ratings
로이아나준,https://pedia.watcha.com/ko-KR/users/Jgkql6ozm5X0b/contents/movies/ratings
김동현,https://pedia.watcha.com/ko-KR/users/24BqEWE785rjn/contents/movies/ratings
찡빈,https://pedia.watcha.com/ko-KR/users/VRZv4Aj4D5r6y/contents/movies/ratings
김성준,https://pedia.watcha.com/ko-KR/users/JZ4vBdjJZxRXO/contents/movies/ratings
이정민,https://pedia.watcha.com/ko-KR/users/K6ExjN9lVxX1O/contents/movies/ratings
정걸,https://pedia.watcha.com/ko-KR/users/DgwxAPM9ad5rM/contents/movies/ratings
조정희 영화평론자,https://pedia.watcha.com/ko-KR/users/NP9vL7YXZq6kl/contents/movies/ratings
Dongkyu Kim,https://pedia.watcha.com/ko-KR/users/WwRqoAzQX5lzB/contents/movies/ratings
˚ ༘♡ ⋆｡✰˚₊,https://pedia.watcha.com/ko-KR/users/K6ExjrX41xX1O/contents/movies/ratings
김창석,https://pedia.watcha.com/ko-KR/users/YaR5YzOD4xgX1/contents/movies/ratings
시바,https://pedia.watcha.com/ko-KR/users/WwRqo0llyvlzB/contents/movies/ratings
주유상,https://pedia.watcha.com/ko-KR/users/7gdxdrENyvGYJ/contents/movies/ratings
영화보는 성빈씨,https://pedia.watcha.com/ko-KR/users/DgwxA6mMzbqrM/contents/movies/ratings
22to5mou,https://pedia.watcha.com/ko-KR/users/17ovVQA6j2qzy/contents/movies/ratings
윤노,https://pedia.watcha.com/ko-KR/users/Q9L5pAbWwYxNb/contents/movies/ratings
윤승하,https://pedia.watcha.com/ko-KR/users/JgAx8dRAbxLbO/contents/movies/ratings
개월,https://pedia.watcha.com/ko-KR/users/YMKqmREV9vloD/contents/movies/ratings
깐난,https://pedia.watcha.com/ko-KR/users/VRZv4zXZbxr6y/contents/movies/ratings
Ju_ni,https://pedia.watcha.com/ko-KR/users/87Gv7VmlWqE6o/contents/movies/ratings
소녀매향,https://pedia.watcha.com/ko-KR/users/dP8v6a8N4qWeJ/contents/movies/ratings
천지민,https://pedia.watcha.com/ko-KR/users/nkPvrXM2Exgar/contents/movies/ratings
재탕,https://pedia.watcha.com/ko-KR/users/yKZx329ZZ54dJ/contents/movies/ratings
lemonade,https://pedia.watcha.com/ko-KR/users/g64qzYdaLxER0/contents/movies/ratings
Arcturus,https://pedia.watcha.com/ko-KR/users/djaxb4Y2jvLw8/contents/movies/ratings
nitead,https://pedia.watcha.com/ko-KR/users/87Gv7DlnL5E6o/contents/movies/ratings
Byung-Min Yoo,https://pedia.watcha.com/ko-KR/users/ld0q0y9YQv6Xn/contents/movies/ratings
박성환,https://pedia.watcha.com/ko-KR/users/7gdxd4zYK2xGY/contents/movies/ratings
박찬욱,https://pedia.watcha.com/ko-KR/users/g64qzBA8RqER0/contents/movies/ratings
애린,https://pedia.watcha.com/ko-KR/users/YMKqm8p2lxloD/contents/movies/ratings
수진히메쨩,https://pedia.watcha.com/ko-KR/users/Mr95nAAQkvZPG/contents/movies/ratings
명기,https://pedia.watcha.com/ko-KR/users/JZ4vB6Q2YvRXO/contents/movies/ratings
lackee,https://pedia.watcha.com/ko-KR/users/WRQxDQ69Vqdl9/contents/movies/ratings
TK Lee,https://pedia.watcha.com/ko-KR/users/8nPvyXLPPqYo0/contents/movies/ratings
